sample_id,symbol,release_date,release_time,verified_date,verified_release_time,source_url,source_type,status,notes
1,FCFS,2012-10-17,pre,,,,sec_edgar_item202,ambiguous,8-K accepted 2012-10-17T15:45:23.000Z (ET) and no EX-99 call-time/date evidence is conclusive
2,SPSC,2012-10-25,post,2012-10-25,post,https://www.sec.gov/Archives/edgar/data/1092699/000117184312003785/,sec_edgar_item202,verified,8-K (Date of Report 2012-10-25) accepted 2012-10-25T20:07:24.000Z (ET) => post
3,RS,2012-10-25,pre,2012-10-25,pre,https://www.sec.gov/Archives/edgar/data/861884/000115752312005379/,sec_edgar_item202,verified,"8-K (Date of Report 2012-10-25) accepted 2012-10-25T12:50:21.000Z (ET), EX-99 call@sameday-am 2012-10-25 => pre"
4,IRDM,2012-11-01,pre,2012-11-01,pre,https://www.sec.gov/Archives/edgar/data/1418819/000119312512445093/,sec_edgar_item202,verified,"8-K (Date of Report 2012-11-01) accepted 2012-11-01T11:06:00.000Z (ET), EX-99 call@sameday-am 2012-11-01 => pre"
5,XEC,2012-11-02,pre,2012-11-02,pre,https://www.sec.gov/Archives/edgar/data/1168054/000114420412059059/,sec_edgar_item202,verified,"8-K (Date of Report 2012-11-02) accepted 2012-11-02T06:15:48.000Z (ET), EX-99 call@today-am => pre"
6,WSTL,2012-11-05,post,2012-11-05,post,https://www.sec.gov/Archives/edgar/data/1002135/000119312512451848/,sec_edgar_item202,verified,"8-K (Date of Report 2012-11-05) accepted 2012-11-05T16:22:55.000Z (ET), EX-99 call@nextday-am 2012-11-06 => post"
7,THR,2012-11-08,pre,2012-11-08,pre,https://www.sec.gov/Archives/edgar/data/1489096/000148909612000016/,sec_edgar_item202,verified,"8-K (Date of Report 2012-11-08) accepted 2012-11-08T14:04:48.000Z (ET), EX-99 call@today-am => pre"
8,JEC,2012-11-12,post,2012-11-12,post,https://www.sec.gov/Archives/edgar/data/52988/000005298812000079/,sec_edgar_item202,verified,"8-K (Date of Report 2012-11-12) accepted 2012-11-13T14:10:32.000Z (ET), EX-99 call@nextday-am 2012-11-13 => post"
9,SMTC,2012-11-28,post,2012-11-28,post,https://www.sec.gov/Archives/edgar/data/88941/000115752312006215/,sec_edgar_item202,verified,8-K (Date of Report 2012-11-28) accepted 2012-11-28T21:30:09.000Z (ET) => post
10,ADBE,2012-12-13,post,2012-12-13,post,https://www.sec.gov/Archives/edgar/data/796343/000079634312000033/,sec_edgar_item202,verified,"8-K (Date of Report 2012-12-13) accepted 2012-12-13T21:06:17.000Z (ET), EX-99 call@today-pm => post"
11,MCRI,2013-02-28,post,2013-02-28,post,https://www.sec.gov/Archives/edgar/data/907242/000110262413000258/,sec_edgar_item202,verified,8-K (Date of Report 2013-02-28) accepted 2013-02-28T21:26:22.000Z (ET) => post
12,PCMI,2013-02-28,post,2013-02-28,post,https://www.sec.gov/Archives/edgar/data/937941/000110465913015981/,sec_edgar_item202,verified,"8-K (Date of Report 2013-02-28) accepted 2013-02-28T16:03:28.000Z (ET), EX-99 call@2013-02-28 pm => post"
13,HOMB,2013-04-18,pre,2013-04-18,post,https://www.sec.gov/Archives/edgar/data/1331520/000117184313001397/,sec_edgar_item202,verified,"8-K (Date of Report 2013-04-18) accepted 2013-04-18T13:15:25.000Z (ET), EX-99 call@2013-04-18 pm => post"
14,SEIC,2013-04-24,pre,2013-04-24,post,https://www.sec.gov/Archives/edgar/data/350894/000035089413000011/,sec_edgar_item202,verified,"10-Q (Date of Report 2013-04-24) accepted 2013-04-26T20:17:58.000Z (ET), EX-99 call@2013-04-24 pm => post"
15,GD,2013-07-24,pre,2013-07-24,pre,https://www.sec.gov/Archives/edgar/data/40533/000119312513299774/,sec_edgar_item202,verified,"8-K (Date of Report 2013-07-24) accepted 2013-07-24T12:33:41.000Z (ET), EX-99 call@sameday-am 2013-07-24 => pre"
16,RPT,2013-10-22,post,2013-10-22,post,https://www.sec.gov/Archives/edgar/data/842183/000117184313004102/,sec_edgar_item202,verified,"8-K (Date of Report 2013-10-22) accepted 2013-10-22T17:12:13.000Z (ET), EX-99 call@nextday-am 2013-10-23 => post"
17,RS,2013-10-24,pre,2013-10-24,pre,https://www.sec.gov/Archives/edgar/data/861884/000115752313004902/,sec_edgar_item202,verified,"8-K (Date of Report 2013-10-24) accepted 2013-10-24T12:55:20.000Z (ET), EX-99 call@sameday-am 2013-10-24 => pre"
18,SNCR,2013-11-04,post,2013-11-04,post,https://www.sec.gov/Archives/edgar/data/1131554/000110465913080569/,sec_edgar_item202,verified,"8-K (Date of Report 2013-11-04) accepted 2013-11-04T16:44:43.000Z (ET), EX-99 call@2013-11-04 pm => post"
19,CRNT,2013-11-11,pre,,,,sec_edgar_item202,ambiguous,6-K accepted 2013-11-12T11:09:36.000Z (ET); foreign issuer: acceptance time is not release time and no EX-99 call-time/date evidence is conclusive
20,DY,2013-11-25,post,2013-11-25,post,https://www.sec.gov/Archives/edgar/data/67215/000006721513000051/,sec_edgar_item202,verified,"8-K (Date of Report 2013-11-25) accepted 2013-11-26T13:11:57.000Z (ET), EX-99 call@nextday-am 2013-11-26 => post"
21,CRAY,2014-02-13,post,2014-02-13,post,https://www.sec.gov/Archives/edgar/data/949158/000094915814000006/,sec_edgar_item202,verified,"8-K (Date of Report 2014-02-13) accepted 2014-02-13T16:08:07.000Z (ET), EX-99 call@2014-02-13 pm => post"
22,SP,2014-03-05,post,,,,sec_edgar_item202,not_found,"no matching 8-K Item 2.02 / 6-K / quarterly filing (SYNERGY PHARMACEUTICALS LLC); same-day=[('8-K', '1.01,9.01'), ('424B5', '')]"
23,LL,2014-04-30,pre,2014-04-30,pre,https://www.sec.gov/Archives/edgar/data/1396033/000114420414025940/,sec_edgar_item202,verified,"8-K (Date of Report 2014-04-30) accepted 2014-04-30T07:06:51.000Z (ET), EX-99 call@sameday-am 2014-04-30 => pre"
24,MTB,2014-07-17,pre,2014-07-17,pre,https://www.sec.gov/Archives/edgar/data/36270/000119312514271181/,sec_edgar_item202,verified,"8-K (Date of Report 2014-07-17) accepted 2014-07-17T14:29:07.000Z (ET), EX-99 call@today-am => pre"
25,FUN,2014-08-05,pre,2014-08-05,pre,https://www.sec.gov/Archives/edgar/data/811532/000081153214000096/,sec_edgar_item202,verified,"8-K (Date of Report 2014-08-05) accepted 2014-08-05T09:25:15.000Z (ET), EX-99 call@sameday-am 2014-08-05 => pre"
26,MVIS,2014-08-06,pre,2014-08-06,pre,https://www.sec.gov/Archives/edgar/data/65770/000115752314003307/,sec_edgar_item202,verified,8-K (Date of Report 2014-08-06) accepted 2014-08-06T12:00:19.000Z (ET) => pre
27,ZEUS,2014-08-07,pre,2014-08-07,pre,https://www.sec.gov/Archives/edgar/data/917470/000117184314003791/,sec_edgar_item202,verified,"8-K (Date of Report 2014-08-07) accepted 2014-08-07T10:30:17.000Z (ET), EX-99 call@today-am => pre"
28,WTFC,2014-10-16,post,2014-10-16,post,https://www.sec.gov/Archives/edgar/data/1015328/000101532814000213/,sec_edgar_item202,verified,"8-K (Date of Report 2014-10-16) accepted 2014-10-16T20:13:52.000Z (ET), EX-99 call@nextday-am 2014-10-17 => post"
29,MCF,2014-11-10,post,2014-11-10,post,https://www.sec.gov/Archives/edgar/data/1071993/000107199314000039/,sec_edgar_item202,verified,"8-K (Date of Report 2014-11-10) accepted 2014-11-12T16:14:10.000Z (ET), EX-99 call@nextday-am 2014-11-11 => post"
30,GES,2014-12-03,post,2014-12-03,post,https://www.sec.gov/Archives/edgar/data/912463/000091246314000044/,sec_edgar_item202,verified,"8-K (Date of Report 2014-12-03) accepted 2014-12-03T21:04:41.000Z (ET), EX-99 call@2014-12-03 pm => post"
31,HIVE,2015-02-11,post,2015-02-11,post,https://www.sec.gov/Archives/edgar/data/1372414/000119312515044221/,sec_edgar_item202,verified,"8-K (Date of Report 2015-02-11) accepted 2015-02-11T16:24:58.000Z (ET), EX-99 call@2015-02-11 pm => post"
32,DNR,2015-02-19,pre,2015-02-19,pre,https://www.sec.gov/Archives/edgar/data/945764/000094576415000010/,sec_edgar_item202,verified,"8-K (Date of Report 2015-02-19) accepted 2015-02-19T09:34:01.000Z (ET), EX-99 call@sameday-A.M. => pre"
33,WLH,2015-02-20,pre,2015-02-20,pre,https://www.sec.gov/Archives/edgar/data/1095996/000119312515055149/,sec_edgar_item202,verified,"8-K (Date of Report 2015-02-20) accepted 2015-02-20T09:15:01.000Z (ET), EX-99 call@sameday-am 2015-02-20 => pre"
34,BCEI,2015-02-26,post,2015-02-26,post,https://www.sec.gov/Archives/edgar/data/1509589/000155837015000216/,sec_edgar_item202,verified,"8-K (Date of Report 2015-02-26) accepted 2015-02-27T09:15:51.000Z (ET), EX-99 call@nextday-a.m. 2015-02-27 => post"
35,EA,2015-07-30,post,2015-07-30,post,https://www.sec.gov/Archives/edgar/data/712515/000071251515000046/,sec_edgar_item202,verified,"8-K (Date of Report 2015-07-30) accepted 2015-07-30T20:05:55.000Z (ET), EX-99 call@2015-07-30 pm => post"
36,CAMT,2015-08-03,pre,2015-08-03,pre,https://www.sec.gov/Archives/edgar/data/1109138/000117891315002431/,sec_edgar_6k,verified,"6-K (Date of Report 2015-08-03) accepted 2015-08-03T11:40:06.000Z (ET), EX-99 call@sameday-am 2015-08-03 => pre"
37,TVPT,2015-08-04,pre,2015-08-04,pre,https://www.sec.gov/Archives/edgar/data/1424755/000157104915006163/,sec_edgar_item202,verified,"8-K (Date of Report 2015-08-04) accepted 2015-08-04T07:15:40.000Z (ET), EX-99 call@sameday-am 2015-08-04 => pre"
38,BZUN,2015-08-19,pre,2015-08-19,pre,https://www.sec.gov/Archives/edgar/data/1625414/000119312515296745/,sec_edgar_6k,verified,"6-K (Date of Report 2015-08-19) accepted 2015-08-20T10:45:00.000Z (ET), EX-99 call@sameday-am 2015-08-19 => pre"
39,MIND,2015-09-02,post,2015-09-02,post,https://www.sec.gov/Archives/edgar/data/926423/000129993315001310/,sec_edgar_item202,verified,"8-K (Date of Report 2015-09-02) accepted 2015-09-03T11:40:58.000Z (ET), EX-99 call@nextday-a.m. 2015-09-03 => post"
40,AMBR,2015-11-05,post,2015-11-05,post,https://www.sec.gov/Archives/edgar/data/1314223/000115752315003762/,sec_edgar_item202,verified,"8-K (Date of Report 2015-11-05) accepted 2015-11-05T16:16:48.000Z (ET), EX-99 call@2015-11-05 pm => post"
41,TRIP,2016-02-11,post,2016-02-11,pre,https://www.sec.gov/Archives/edgar/data/1526520/000156459016012619/,sec_edgar_item202,verified,"8-K (Date of Report 2016-02-11) accepted 2016-02-11T11:02:18.000Z (ET), EX-99 call@sameday-a.m. => pre"
42,ARDX,2016-05-09,post,2016-05-09,post,https://www.sec.gov/Archives/edgar/data/1437402/000119312516583865/,sec_edgar_item202,verified,"8-K (Date of Report 2016-03-09) accepted 2016-05-09T20:21:06.000Z (ET), EX-99 call@Today-pm => post"
43,GCP,2016-05-10,pre,2016-05-10,pre,https://www.sec.gov/Archives/edgar/data/1644440/000164444016000192/,sec_edgar_item202,verified,"8-K (Date of Report 2016-05-10) accepted 2016-05-10T06:05:36.000Z (ET), EX-99 call@today-am => pre"
44,PSTG,2016-05-25,post,2016-05-25,post,https://www.sec.gov/Archives/edgar/data/1474432/000156459016019949/,sec_edgar_item202,verified,"8-K (Date of Report 2016-05-25) accepted 2016-05-25T20:16:41.000Z (ET), EX-99 call@2016-05-25 pm => post"
45,MSM,2016-07-06,pre,2016-07-06,pre,https://www.sec.gov/Archives/edgar/data/1003078/000114420416111581/,sec_edgar_item202,verified,"8-K (Date of Report 2016-07-05) accepted 2016-07-06T11:12:53.000Z (ET), EX-99 call@today-am => pre"
46,HMST,2016-07-25,post,2016-07-25,post,https://www.sec.gov/Archives/edgar/data/1518715/000151871516000308/,sec_edgar_item202,verified,"8-K (Date of Report 2016-07-25) accepted 2016-07-25T20:54:09.000Z (ET), EX-99 call@2016-07-26 pm => post"
47,EURN,2016-07-28,pre,2016-07-28,pre,https://www.sec.gov/Archives/edgar/data/1604481/000091957416014354/,sec_edgar_6k,verified,"6-K (Date of Report 2016-07-28) accepted 2016-07-29T20:15:26.000Z (ET), EX-99 call@2016-07-28 a.m. => pre"
48,COTY,2016-08-16,pre,2016-08-16,pre,https://www.sec.gov/Archives/edgar/data/1024305/000115752316006532/,sec_edgar_item202,verified,"8-K (Date of Report 2016-08-16) accepted 2016-08-16T11:05:25.000Z (ET), EX-99 call@sameday-am 2016-08-16 => pre"
49,RRC,2016-10-25,post,2016-10-25,post,https://www.sec.gov/Archives/edgar/data/315852/000156459016026131/,sec_edgar_item202,verified,"8-K (Date of Report 2016-10-25) accepted 2016-10-25T23:26:52.000Z (ET), EX-99 call@nextday-a.m. 2016-10-26 => post"
50,CL,2016-10-27,pre,2016-10-27,pre,https://www.sec.gov/Archives/edgar/data/21665/000115752316007062/,sec_edgar_item202,verified,"8-K (Date of Report 2016-10-27) accepted 2016-10-27T12:00:27.000Z (ET), EX-99 call@today-am => pre"
51,MAN,2017-04-21,pre,2017-04-21,pre,https://www.sec.gov/Archives/edgar/data/871763/000087176317000075/,sec_edgar_item202,verified,"8-K (Date of Report 2017-04-21) accepted 2017-04-21T11:47:21.000Z (ET), EX-99 call@sameday-am 2017-04-21 => pre"
52,POR,2017-04-28,pre,2017-04-28,pre,https://www.sec.gov/Archives/edgar/data/784977/000078497717000027/,sec_edgar_item202,verified,"8-K (Date of Report 2017-04-28) accepted 2017-04-28T12:45:08.000Z (ET), EX-99 call@sameday-am 2017-04-28 => pre"
53,KEM,2017-05-10,pre,2017-05-10,pre,https://www.sec.gov/Archives/edgar/data/887730/000088773017000026/,sec_edgar_item202,verified,8-K (Date of Report 2017-05-10) accepted 2017-05-10T08:00:30.000Z (ET) => pre
54,PZN,2017-07-18,post,2017-07-18,post,https://www.sec.gov/Archives/edgar/data/1399249/000139924917000034/,sec_edgar_item202,verified,"8-K (Date of Report 2017-07-18) accepted 2017-07-18T16:42:28.000Z (ET), EX-99 call@nextday-am 2017-07-19 => post"
55,HBCP,2017-07-25,pre,2017-07-25,pre,https://www.sec.gov/Archives/edgar/data/1436425/000114420417037952/,sec_edgar_item202,verified,8-K (Date of Report 2017-07-25) accepted 2017-07-25T11:35:04.000Z (ET) => pre
56,DATA,2017-08-02,post,2017-08-02,post,https://www.sec.gov/Archives/edgar/data/1303652/000130365217000020/,sec_edgar_item202,verified,"8-K (Date of Report 2017-08-02) accepted 2017-08-02T16:22:10.000Z (ET), EX-99 call@pm 1:30 => post"
57,PPC,2017-08-02,post,2017-08-02,post,https://www.sec.gov/Archives/edgar/data/802481/000080248117000052/,sec_edgar_item202,verified,"8-K (Date of Report 2017-08-02) accepted 2017-08-02T22:21:50.000Z (ET), EX-99 call@nextday-a.m. 2017-08-03 => post"
58,BANF,2017-10-19,post,2017-10-19,post,https://www.sec.gov/Archives/edgar/data/760498/000114420417053239/,sec_edgar_item202,verified,8-K (Date of Report 2017-10-19) accepted 2017-10-19T20:25:40.000Z (ET) => post
59,TFSL,2017-10-30,post,2017-10-30,post,https://www.sec.gov/Archives/edgar/data/1381668/000138166817000068/,sec_edgar_item202,verified,8-K (Date of Report 2017-10-30) accepted 2017-10-30T20:01:16.000Z (ET) => post
60,BMO,2017-12-05,pre,2017-12-05,post,https://www.sec.gov/Archives/edgar/data/927971/000119312517361608/,sec_edgar_6k,verified,"6-K (Date of Report 2017-12-05) accepted 2017-12-05T21:28:37.000Z (ET), EX-99 call@2017-12-05 pm => post"
61,HRS,2018-01-30,pre,2018-01-30,pre,https://www.sec.gov/Archives/edgar/data/202058/000020205818000005/,sec_edgar_item202,verified,"8-K (Date of Report 2018-01-30) accepted 2018-01-30T11:41:33.000Z (ET), EX-99 call@sameday-a.m. => pre"
62,EMKR,2018-02-06,pre,2018-02-06,pre,https://www.sec.gov/Archives/edgar/data/808326/000080832618000002/,sec_edgar_item202,verified,"8-K (Date of Report 2018-02-06) accepted 2018-02-05T19:26:30.000Z (ET), EX-99 call@sameday-am 2018-02-06 => pre"
63,CINF,2018-02-07,post,2018-02-07,post,https://www.sec.gov/Archives/edgar/data/20286/000002028618000006/,sec_edgar_item202,verified,8-K (Date of Report 2018-02-07) accepted 2018-02-07T21:10:38.000Z (ET) => post
64,SUI,2018-02-21,post,2018-02-21,post,https://www.sec.gov/Archives/edgar/data/912593/000091259318000046/,sec_edgar_item202,verified,"8-K (Date of Report 2018-02-22) accepted 2018-02-21T23:08:43.000Z (ET), EX-99 call@nextday-am 2018-02-22 => post"
65,AMKR,2018-04-26,post,2018-04-26,post,https://www.sec.gov/Archives/edgar/data/1047127/000104712718000015/,sec_edgar_item202,verified,"8-K (Date of Report 2018-04-26) accepted 2018-04-26T20:15:56.000Z (ET), EX-99 call@2018-04-26 pm => post"
66,HRC,2018-04-27,pre,2018-04-27,pre,https://www.sec.gov/Archives/edgar/data/47518/000121465918003062/,sec_edgar_item202,verified,"8-K (Date of Report 2018-04-27) accepted 2018-04-27T06:57:19.000Z (ET), EX-99 call@today-am => pre"
67,CAR,2018-08-07,post,2018-08-07,post,https://www.sec.gov/Archives/edgar/data/723612/000072361218000086/,sec_edgar_item202,verified,"8-K (Date of Report 2018-08-07) accepted 2018-08-07T20:32:16.000Z (ET), EX-99 call@nextday-am 2018-08-08 => post"
68,IIVI,2018-08-07,pre,2018-08-07,pre,https://www.sec.gov/Archives/edgar/data/820318/000117184318005787/,sec_edgar_item202,verified,"8-K (Date of Report 2018-08-07) accepted 2018-08-07T10:55:16.000Z (ET), EX-99 call@sameday-am 2018-08-07 => pre"
69,OFG,2018-10-19,pre,2018-10-19,pre,https://www.sec.gov/Archives/edgar/data/1030469/000103046918000048/,sec_edgar_item202,verified,"8-K (Date of Report 2018-10-19) accepted 2018-10-19T12:02:38.000Z (ET), EX-99 call@today-am => pre"
70,GNK,2018-11-07,post,2018-11-07,post,https://www.sec.gov/Archives/edgar/data/1326200/000114036118042648/,sec_edgar_item202,verified,"8-K (Date of Report 2018-11-07) accepted 2018-11-07T21:42:34.000Z (ET), EX-99 call@nextday-am 2018-11-08 => post"
71,PYPL,2019-01-30,post,2019-01-30,post,https://www.sec.gov/Archives/edgar/data/1633917/000163391719000032/,sec_edgar_item202,verified,"8-K (Date of Report 2019-01-30) accepted 2019-01-30T21:26:29.000Z (ET), EX-99 call@today-pm => post"
72,BXG,2019-02-22,pre,2019-02-22,pre,https://www.sec.gov/Archives/edgar/data/778946/000077894619000012/,sec_edgar_item202,verified,8-K (Date of Report 2019-02-22) accepted 2019-02-22T07:18:31.000Z (ET) => pre
73,RGA,2019-04-29,post,2019-04-29,post,https://www.sec.gov/Archives/edgar/data/898174/000089817419000017/,sec_edgar_item202,verified,8-K (Date of Report 2019-04-29) accepted 2019-04-29T20:22:49.000Z (ET) => post
74,WMGI,2019-05-07,post,2019-05-07,post,https://www.sec.gov/Archives/edgar/data/1492658/000149265819000017/,sec_edgar_item202,verified,"8-K (Date of Report 2019-05-07) accepted 2019-05-07T16:08:13.000Z (ET), EX-99 call@2019-05-07 pm => post"
75,UAA,2019-07-30,pre,2019-07-30,pre,https://www.sec.gov/Archives/edgar/data/1336917/000133691719000047/,sec_edgar_item202,verified,"8-K (Date of Report 2019-07-30) accepted 2019-07-30T11:59:59.000Z (ET), EX-99 call@sameday-am 2019-07-30 => pre"
76,ICE,2019-08-01,pre,2019-08-01,pre,https://www.sec.gov/Archives/edgar/data/1571949/000114420419037044/,sec_edgar_item202,verified,"8-K (Date of Report 2019-08-01) accepted 2019-08-01T11:30:39.000Z (ET), EX-99 call@sameday-am 2019-08-01 => pre"
77,SRT,2019-08-07,post,2019-08-07,post,https://www.sec.gov/Archives/edgar/data/1031029/000143774919015803/,sec_edgar_item202,verified,"8-K (Date of Report 2019-08-07) accepted 2019-08-07T16:05:47.000Z (ET), EX-99 call@2019-08-07 pm => post"
78,DOMO,2019-09-05,post,2019-09-05,post,https://www.sec.gov/Archives/edgar/data/1505952/000150595219000041/,sec_edgar_item202,verified,"8-K (Date of Report 2019-09-05) accepted 2019-09-05T20:08:15.000Z (ET), EX-99 call@pm 3:00 => post"
79,LIND,2019-10-30,pre,2019-10-30,pre,https://www.sec.gov/Archives/edgar/data/1512499/000143774919020873/,sec_edgar_item202,verified,"8-K (Date of Report 2019-10-30) accepted 2019-10-30T11:23:49.000Z (ET), EX-99 call@sameday-am 2019-10-30 => pre"
80,QTNT,2019-11-04,pre,2019-11-04,pre,https://www.sec.gov/Archives/edgar/data/1596946/000156459019039503/,sec_edgar_item202,verified,"8-K (Date of Report 2019-11-04) accepted 2019-11-04T07:14:02.000Z (ET), EX-99 call@sameday-a.m. => pre"
81,LYTS,2020-04-23,pre,2020-04-23,pre,https://www.sec.gov/Archives/edgar/data/763532/000143774920008291/,sec_edgar_item202,verified,"8-K (Date of Report 2020-04-23) accepted 2020-04-23T14:00:23.000Z (ET), EX-99 call@sameday-am 2020-04-23 => pre"
82,APEN,2020-05-04,post,2020-05-04,post,https://www.sec.gov/Archives/edgar/data/1251769/000125176920000037/,sec_edgar_item202,verified,"8-K (Date of Report 2020-05-04) accepted 2020-05-04T16:04:35.000Z (ET), EX-99 call@2020-05-04 pm => post"
83,GDP,2020-05-07,pre,2020-05-07,pre,https://www.sec.gov/Archives/edgar/data/943861/000156459020022301/,sec_edgar_item202,verified,8-K (Date of Report 2020-05-07) accepted 2020-05-07T06:05:26.000Z (ET) => pre
84,GPX,2020-05-11,pre,2020-05-11,post,https://www.sec.gov/Archives/edgar/data/70415/000007041520000078/,sec_edgar_item202,verified,"8-K (Date of Report 2020-05-11) accepted 2020-05-11T16:32:12.000Z (ET), EX-99 call@nextday-am 2020-05-12 => post"
85,MGEN,2020-08-05,post,2020-08-05,post,https://www.sec.gov/Archives/edgar/data/1590750/000159075020000080/,sec_edgar_item202,verified,"8-K (Date of Report 2020-08-05) accepted 2020-08-05T20:06:31.000Z (ET), EX-99 call@today-pm => post"
86,ZIXI,2020-08-05,post,2020-08-05,post,https://www.sec.gov/Archives/edgar/data/855612/000119312520210668/,sec_edgar_item202,verified,"8-K (Date of Report 2020-08-05) accepted 2020-08-05T16:18:59.000Z (ET), EX-99 call@2020-08-05 pm => post"
87,SRRA,2020-08-06,pre,2020-08-06,pre,https://www.sec.gov/Archives/edgar/data/1290149/000119312520211286/,sec_edgar_item202,verified,8-K (Date of Report 2020-08-06) accepted 2020-08-06T07:00:59.000Z (ET) => pre
88,QTNT,2020-11-02,pre,2020-11-02,pre,https://www.sec.gov/Archives/edgar/data/1596946/000156459020049417/,sec_edgar_item202,verified,"8-K (Date of Report 2020-11-02) accepted 2020-11-02T06:16:44.000Z (ET), EX-99 call@sameday-am 2020-11-02 => pre"
89,ANIK,2020-11-04,post,2020-11-04,post,https://www.sec.gov/Archives/edgar/data/898437/000117184320007581/,sec_edgar_item202,verified,"8-K (Date of Report 2020-11-04) accepted 2020-11-04T21:11:27.000Z (ET), EX-99 call@today-pm => post"
90,GEVO,2020-11-10,post,2020-11-10,post,https://www.sec.gov/Archives/edgar/data/1392380/000143774920023359/,sec_edgar_item202,verified,"8-K (Date of Report 2020-11-10) accepted 2020-11-10T21:01:13.000Z (ET), EX-99 call@Today-pm => post"
91,DXCM,2021-02-11,post,2021-02-11,post,https://www.sec.gov/Archives/edgar/data/1093557/000109355721000022/,sec_edgar_item202,verified,"8-K (Date of Report 2021-02-11) accepted 2021-02-11T21:04:34.000Z (ET), EX-99 call@today-pm => post"
92,JYNT,2021-03-04,post,2021-03-04,post,https://www.sec.gov/Archives/edgar/data/1612630/000117184321001545/,sec_edgar_item202,verified,"8-K (Date of Report 2021-03-04) accepted 2021-03-04T21:06:16.000Z (ET), EX-99 call@2021-03-04 pm => post"
93,CSTM,2021-04-28,pre,,,,sec_edgar_item202,ambiguous,6-K accepted 2021-04-28T20:52:58.000Z (ET); foreign issuer: acceptance time is not release time and no EX-99 call-time/date evidence is conclusive
94,BSVN,2021-04-29,pre,2021-04-29,post,https://www.sec.gov/Archives/edgar/data/1746129/000114036121014875/,sec_edgar_item202,verified,"8-K (Date of Report 2021-04-29) accepted 2021-04-29T13:01:15.000Z (ET), EX-99 call@2021-04-29 pm => post"
95,NXST,2021-05-04,pre,2021-05-04,pre,https://www.sec.gov/Archives/edgar/data/1142417/000156459021022985/,sec_edgar_item202,verified,"8-K (Date of Report 2021-05-04) accepted 2021-05-04T11:09:44.000Z (ET), EX-99 call@today-am => pre"
96,DRH,2021-05-06,post,2021-05-06,post,https://www.sec.gov/Archives/edgar/data/1298946/000129894621000049/,sec_edgar_item202,verified,"8-K (Date of Report 2021-05-05) accepted 2021-05-06T20:21:36.000Z (ET), EX-99 call@nextday-am 2021-05-07 => post"
97,EGRX,2021-05-10,pre,2021-05-10,pre,https://www.sec.gov/Archives/edgar/data/827871/000110465921063504/,sec_edgar_item202,verified,"8-K (Date of Report 2021-05-10) accepted 2021-05-10T08:49:29.000Z (ET), EX-99 call@sameday-am 2021-05-10 => pre"
98,HCKT,2021-05-11,post,2021-05-11,post,https://www.sec.gov/Archives/edgar/data/1057379/000156459021026577/,sec_edgar_item202,verified,"8-K (Date of Report 2021-05-06) accepted 2021-05-11T20:27:42.000Z (ET), EX-99 call@2021-05-11 pm => post"
99,LPG,2021-05-19,pre,2021-05-19,pre,https://www.sec.gov/Archives/edgar/data/1596993/000159699321000022/,sec_edgar_item202,verified,"8-K (Date of Report 2021-05-19) accepted 2021-05-18T22:05:26.000Z (ET), EX-99 call@sameday-am 2021-05-19 => pre"
100,CANG,2021-05-31,post,2021-05-31,post,https://www.sec.gov/Archives/edgar/data/1725123/000119312521177718/,sec_edgar_6k,verified,"6-K (Date of Report 2021-05-31) accepted 2021-06-01T10:15:58.000Z (ET), EX-99 call@2021-05-31 pm => post"
