event_date,type,t0,n_c5_bars,c5_full,prior_median_range,c5_median_range
2011-09-21,FOMC,2011-09-21T19:15:00,0,False,0.0,
2012-01-25,FOMC,2012-01-25T19:15:00,0,False,0.0,
2012-02-03,NFP,2012-02-03T13:30:00,5,True,3.1350000000002183,9.969999999999345
2012-03-09,NFP,2012-03-09T13:30:00,5,True,2.3799999999996544,5.349999999999454
2012-03-13,FOMC,2012-03-13T18:15:00,0,False,3.730000000000018,
2012-04-06,NFP,2012-04-06T13:30:00,0,False,,
2012-05-04,NFP,2012-05-04T13:30:00,5,True,3.6500000000005457,9.849999999999454
2012-06-01,NFP,2012-06-01T13:30:00,5,True,4.385000000000218,9.63000000000011
2012-08-03,NFP,2012-08-03T13:30:00,5,True,3.3299999999994725,6.4399999999996
2012-09-07,NFP,2012-09-07T13:30:00,5,True,3.2649999999998727,7.1599999999998545
2012-10-05,NFP,2012-10-05T13:30:00,5,True,2.2799999999997453,4.430000000000291
2012-11-02,NFP,2012-11-02T12:30:00,5,True,2.5900000000001455,5.289999999999964
2012-12-07,NFP,2012-12-07T13:30:00,5,True,1.8449999999998,6.010000000000218
2013-01-04,NFP,2013-01-04T13:30:00,5,True,1.9500000000002728,6.1599999999998545
2013-02-01,NFP,2013-02-01T13:30:00,5,True,2.3849999999997635,6.889999999999418
2013-03-08,NFP,2013-03-08T13:30:00,5,True,2.3099999999999454,5.899999999999636
2013-03-20,FOMC,2013-03-20T18:15:00,0,False,4.4099999999998545,
2013-04-05,NFP,2013-04-05T13:30:00,5,True,3.1149999999997817,11.25
2013-05-03,NFP,2013-05-03T13:30:00,5,True,2.4599999999995816,9.55999999999949
2013-06-07,NFP,2013-06-07T13:30:00,5,True,5.0,9.0
2013-06-19,FOMC,2013-06-19T19:15:00,5,True,3.0,15.0
2013-07-05,NFP,2013-07-05T13:30:00,5,True,7.0,26.0
2013-07-31,FOMC,2013-07-31T19:15:00,5,True,3.0,8.0
2013-08-02,NFP,2013-08-02T13:30:00,5,True,4.0,11.0
2013-09-06,NFP,2013-09-06T13:30:00,5,True,4.0,12.0
2013-09-18,FOMC,2013-09-18T19:15:00,5,True,2.550000000000182,8.100000000000364
2013-10-22,NFP,2013-10-22T13:30:00,5,True,1.8705000000004475,3.1409999999996217
2013-10-30,FOMC,2013-10-30T18:15:00,5,True,4.550499999999829,10.500999999999294
2013-11-08,NFP,2013-11-08T13:30:00,5,True,4.426000000000386,10.299999999999272
2013-12-06,NFP,2013-12-06T13:30:00,5,True,4.273000000000138,20.001000000000204
2013-12-18,FOMC,2013-12-18T19:15:00,5,True,4.100999999999658,11.999000000000706
2014-01-10,NFP,2014-01-10T13:30:00,5,True,3.161000000000058,14.5
2014-01-29,FOMC,2014-01-29T19:15:00,5,True,5.600500000000011,15.199999999999818
2014-02-07,NFP,2014-02-07T13:30:00,5,True,3.500500000000102,18.300999999999476
2014-03-07,NFP,2014-03-07T13:30:00,5,True,4.429500000000189,6.177000000000589
2014-03-19,FOMC,2014-03-19T18:15:00,5,True,3.6354999999998654,5.998999999999796
2014-04-04,NFP,2014-04-04T13:30:00,5,True,2.650499999999738,4.501000000000204
2014-04-30,FOMC,2014-04-30T19:15:00,5,True,2.25,5.199000000000524
2014-05-02,NFP,2014-05-02T13:30:00,5,True,3.0,5.501000000000204
2014-06-06,NFP,2014-06-06T13:30:00,5,True,2.54950000000008,4.234000000000378
2014-06-18,FOMC,2014-06-18T19:15:00,5,True,1.5,5.0
2014-07-03,NFP,2014-07-03T13:30:00,5,True,2.4720000000002074,8.145000000000437
2014-07-30,FOMC,2014-07-30T19:15:00,5,True,3.750500000000102,6.0
2014-08-01,NFP,2014-08-01T13:30:00,5,True,,9.998999999999796
2014-09-05,NFP,2014-09-05T13:30:00,5,True,3.8210000000003674,10.493000000000393
2014-09-17,FOMC,2014-09-17T19:15:00,5,True,2.0279999999997926,6.780999999999949
2014-10-03,NFP,2014-10-03T13:30:00,5,True,3.650000000000091,12.800000000000182
2014-10-29,FOMC,2014-10-29T18:15:00,5,True,3.900000000000091,10.699999999999818
2014-11-07,NFP,2014-11-07T13:30:00,5,True,4.860000000000127,9.600000000000364
2014-12-05,NFP,2014-12-05T13:30:00,5,True,4.0,14.5
2014-12-17,FOMC,2014-12-17T19:15:00,5,True,7.650000000000091,11.300000000000182
2015-01-09,NFP,2015-01-09T13:30:00,5,True,7.0,13.0
2015-01-28,FOMC,2015-01-28T19:15:00,5,True,5.9900000000002365,8.0
2015-02-06,NFP,2015-02-06T13:30:00,5,True,4.0,15.0
2015-03-06,NFP,2015-03-06T13:30:00,5,True,3.550000000000182,7.859999999999673
2015-03-18,FOMC,2015-03-18T18:15:00,5,True,6.0,11.300000000000182
2015-04-29,FOMC,2015-04-29T19:15:00,5,True,7.364999999999782,7.350000000000364
2015-05-08,NFP,2015-05-08T13:30:00,5,True,5.994999999999891,14.220000000000255
2015-06-05,NFP,2015-06-05T13:30:00,5,True,6.0,12.0
2015-06-17,FOMC,2015-06-17T19:15:00,5,True,5.425000000000182,8.5
2015-07-02,NFP,2015-07-02T13:30:00,5,True,3.2850000000003092,5.199999999999818
2015-07-29,FOMC,2015-07-29T19:15:00,5,True,2.7450000000003456,5.649999999999636
2015-08-07,NFP,2015-08-07T13:30:00,5,True,4.220000000000255,9.649999999999636
2015-09-04,NFP,2015-09-04T13:30:00,5,True,7.0,19.0
2015-09-17,FOMC,2015-09-17T19:15:00,5,True,5.595000000000255,13.570000000000618
2015-10-02,NFP,2015-10-02T13:30:00,5,True,3.9349999999999454,23.850000000000364
2015-10-28,FOMC,2015-10-28T18:15:00,5,True,4.116999999999734,13.231999999999971
2015-11-06,NFP,2015-11-06T13:30:00,5,True,3.639999999999418,11.510000000000218
2015-12-04,NFP,2015-12-04T13:30:00,5,True,4.139999999999873,11.0
2015-12-16,FOMC,2015-12-16T19:15:00,5,True,5.0,16.0
2016-01-08,NFP,2016-01-08T13:30:00,5,True,6.050000000000182,11.590000000000146
2016-01-27,FOMC,2016-01-27T19:15:00,5,True,7.599999999999909,14.0
2016-02-05,NFP,2016-02-05T13:30:00,5,True,7.0,22.0
2016-03-04,NFP,2016-03-04T13:30:00,5,True,4.589999999999691,14.36999999999989
2016-03-16,FOMC,2016-03-16T18:15:00,5,True,4.470000000000255,10.5600000000004
2016-04-01,NFP,2016-04-01T13:30:00,5,True,6.809999999999491,11.289999999999964
2016-04-27,FOMC,2016-04-27T19:15:00,5,True,3.4399999999996,7.300000000000182
2016-05-06,NFP,2016-05-06T13:30:00,5,True,5.425000000000182,7.099999999999454
2016-06-03,NFP,2016-06-03T13:30:00,5,True,3.6849999999999454,12.510000000000218
2016-06-15,FOMC,2016-06-15T19:15:00,5,True,3.75,7.170000000000073
2016-07-08,NFP,2016-07-08T13:30:00,5,True,5.386499999999614,11.010000000000218
2016-07-27,FOMC,2016-07-27T19:15:00,5,True,3.9364999999997963,6.9299999999993815
2016-08-05,NFP,2016-08-05T13:30:00,5,True,6.579999999999927,11.0
2016-09-02,NFP,2016-09-02T13:30:00,5,True,5.360000000000127,11.698999999999614
2016-09-21,FOMC,2016-09-21T19:15:00,5,True,4.900500000000193,10.501000000000204
2016-10-07,NFP,2016-10-07T13:30:00,5,True,8.454999999999927,15.010000000000218
2016-11-02,FOMC,2016-11-02T18:15:00,5,True,6.767500000000382,8.789999999999964
2016-11-04,NFP,2016-11-04T12:30:00,5,True,6.810500000000047,9.137000000000626
2016-12-02,NFP,2016-12-02T13:30:00,5,True,4.744000000000142,6.6710000000002765
2016-12-14,FOMC,2016-12-14T19:15:00,5,True,3.0595000000002983,11.820999999999913
2017-01-06,NFP,2017-01-06T13:30:00,5,True,3.275499999999738,6.695999999999913
2017-02-01,FOMC,2017-02-01T19:15:00,5,True,2.8099999999999454,4.630000000000109
2017-02-03,NFP,2017-02-03T13:30:00,5,True,2.819999999999709,5.9909999999999854
2017-03-10,NFP,2017-03-10T13:30:00,5,True,2.9899999999997817,4.960999999999331
2017-03-15,FOMC,2017-03-15T18:15:00,5,True,2.3404999999997926,5.40099999999984
2017-04-07,NFP,2017-04-07T13:30:00,5,True,3.494999999999891,8.190999999999804
2017-05-03,FOMC,2017-05-03T19:15:00,5,True,1.994499999999789,4.199999999999818
2017-05-05,NFP,2017-05-05T13:30:00,5,True,2.511000000000422,7.010000000000218
2017-06-02,NFP,2017-06-02T13:30:00,5,True,4.745499999999993,10.800000000000182
2017-06-14,FOMC,2017-06-14T19:15:00,5,True,2.5045000000000073,7.001000000000204
2017-07-07,NFP,2017-07-07T13:30:00,5,True,4.599999999999909,8.698999999999614
2017-07-26,FOMC,2017-07-26T19:15:00,5,True,2.650000000000091,3.300000000000182
2017-08-04,NFP,2017-08-04T13:30:00,5,True,3.275499999999738,4.0
2017-09-01,NFP,2017-09-01T13:30:00,5,True,2.70049999999992,5.551000000000386
2017-09-20,FOMC,2017-09-20T19:15:00,5,True,2.25,6.5
2017-10-06,NFP,2017-10-06T13:30:00,5,True,2.5,5.5
2017-11-01,FOMC,2017-11-01T18:15:00,5,True,3.5010000000002037,4.199999999999818
2017-11-03,NFP,2017-11-03T12:30:00,5,True,3.000500000000102,3.800000000000182
2017-12-08,NFP,2017-12-08T13:30:00,5,True,4.0,6.0
2017-12-13,FOMC,2017-12-13T19:15:00,5,True,2.20049999999992,3.5010000000002037
2018-01-05,NFP,2018-01-05T13:30:00,5,True,2.600500000000011,4.001000000000204
2018-01-31,FOMC,2018-01-31T19:15:00,5,True,2.9905000000003383,3.75
2018-02-02,NFP,2018-02-02T13:30:00,5,True,3.3409999999998945,6.460000000000036
2018-03-09,NFP,2018-03-09T13:30:00,5,True,2.764499999999771,5.199999999999818
2018-03-21,FOMC,2018-03-21T18:15:00,5,True,4.245499999999993,9.989999999999782
2018-04-06,NFP,2018-04-06T13:30:00,5,True,4.210000000000036,12.920999999999367
2018-05-02,FOMC,2018-05-02T19:15:00,5,True,3.6200000000003456,6.501000000000204
2018-05-04,NFP,2018-05-04T13:30:00,5,True,3.945499999999811,5.699000000000524
2018-06-01,NFP,2018-06-01T13:30:00,5,True,3.518000000000029,4.719999999999345
2018-06-13,FOMC,2018-06-13T19:15:00,5,True,2.6799999999998363,4.739999999999782
2018-07-06,NFP,2018-07-06T13:30:00,5,True,3.636500000000069,6.699999999999818
2018-08-01,FOMC,2018-08-01T19:15:00,5,True,3.9010000000002947,3.7600000000002183
2018-08-03,NFP,2018-08-03T13:30:00,5,True,4.760499999999865,5.449000000000524
2018-09-07,NFP,2018-09-07T13:30:00,5,True,6.390000000000327,6.0
2018-09-26,FOMC,2018-09-26T19:15:00,5,True,2.1755000000002838,4.850000000000364
2018-10-05,NFP,2018-10-05T13:30:00,5,True,3.5010000000002037,10.501000000000204
2018-11-02,NFP,2018-11-02T12:30:00,5,True,5.725500000000011,6.719000000000051
2018-11-08,FOMC,2018-11-08T19:15:00,5,True,3.625500000000102,5.9909999999999854
2018-12-07,NFP,2018-12-07T13:30:00,5,True,5.900500000000193,9.201000000000022
2018-12-19,FOMC,2018-12-19T19:15:00,5,True,5.254500000000007,15.960000000000036
2019-01-04,NFP,2019-01-04T13:30:00,5,True,5.800000000000182,9.998999999999796
2019-01-30,FOMC,2019-01-30T19:00:00,5,True,2.500500000000102,8.701000000000022
2019-02-01,NFP,2019-02-01T13:30:00,5,True,4.5,6.501000000000204
2019-03-08,NFP,2019-03-08T13:30:00,5,True,4.601000000000113,9.001000000000204
2019-03-20,FOMC,2019-03-20T18:00:00,5,True,4.2409999999999854,8.471000000000458
2019-04-05,NFP,2019-04-05T13:30:00,5,True,3.186000000000149,6.161000000000058
2019-05-01,FOMC,2019-05-01T19:00:00,5,True,2.490000000000691,2.7399999999997817
2019-05-03,NFP,2019-05-03T13:30:00,5,True,2.985500000000229,5.489999999999782
2019-06-07,NFP,2019-06-07T13:30:00,5,True,4.000500000000102,9.798999999999978
2019-06-19,FOMC,2019-06-19T19:00:00,5,True,2.2399999999997817,7.431000000000495
2019-07-05,NFP,2019-07-05T13:30:00,5,True,3.220499999999447,11.198999999999614
2019-07-31,FOMC,2019-07-31T19:00:00,5,True,1.9994999999998981,7.0
2019-08-02,NFP,2019-08-02T13:30:00,5,True,5.500499999999647,11.400000000000546
2019-09-06,NFP,2019-09-06T13:30:00,5,True,4.4145000000003165,6.0
2019-09-18,FOMC,2019-09-18T19:00:00,5,True,2.0010000000002037,9.699999999999818
2019-10-04,NFP,2019-10-04T13:30:00,5,True,5.425999999999931,14.359999999999673
2019-10-30,FOMC,2019-10-30T18:00:00,5,True,3.4945000000002437,5.251000000000204
2019-11-01,NFP,2019-11-01T12:30:00,5,True,4.954000000000178,5.701000000000022
2019-12-06,NFP,2019-12-06T13:30:00,5,True,3.6299999999996544,5.9909999999999854
2019-12-11,FOMC,2019-12-11T19:00:00,5,True,2.1260000000002037,3.25
2020-01-10,NFP,2020-01-10T13:30:00,5,True,2.7325000000005275,6.189000000000306
2020-01-29,FOMC,2020-01-29T19:00:00,5,True,2.2674999999999272,3.108999999999469
2020-02-07,NFP,2020-02-07T13:30:00,5,True,3.8714999999997417,10.568999999999505
2020-03-03,FOMC,2020-03-03T15:00:00,5,True,13.742499999999836,31.920999999999367
2020-03-06,NFP,2020-03-06T13:30:00,5,True,11.630499999999756,16.971999999999753
2020-03-23,FOMC,2020-03-23T12:00:00,5,True,13.824500000000171,62.26799999999912
2020-04-03,NFP,2020-04-03T13:30:00,5,True,10.76949999999988,10.290999999999258
2020-04-29,FOMC,2020-04-29T19:00:00,5,True,5.358999999999924,7.688000000000102
2020-05-08,NFP,2020-05-08T13:30:00,5,True,4.288000000000011,11.300000000000182
2020-06-05,NFP,2020-06-05T13:30:00,5,True,5.254500000000007,13.088999999999942
2020-06-10,FOMC,2020-06-10T19:00:00,5,True,4.117499999999836,11.485000000000582
2020-07-02,NFP,2020-07-02T13:30:00,5,True,4.908500000000004,8.994000000000597
2020-07-29,FOMC,2020-07-29T19:00:00,5,True,2.900500000000193,3.9840000000003783
2020-08-07,NFP,2020-08-07T13:30:00,5,True,4.926000000000386,7.6599999999998545
2020-09-04,NFP,2020-09-04T13:30:00,5,True,6.462500000000091,10.693999999999505
2020-09-16,FOMC,2020-09-16T19:00:00,5,True,2.508499999999458,5.023000000000138
2020-10-02,NFP,2020-10-02T13:30:00,5,True,6.29950000000008,7.675000000000182
2020-11-05,FOMC,2020-11-05T19:00:00,5,True,4.525000000000091,6.4909999999999854
2020-11-06,NFP,2020-11-06T13:30:00,5,True,5.719500000000153,7.4780000000000655
2020-12-04,NFP,2020-12-04T13:30:00,5,True,3.8330000000005384,4.016999999999825
2020-12-16,FOMC,2020-12-16T19:00:00,5,True,1.9369999999994434,6.971999999999753
2021-01-08,NFP,2021-01-08T13:30:00,5,True,4.465500000000247,6.237999999999374
2021-01-27,FOMC,2021-01-27T19:00:00,5,True,6.351000000000113,7.743000000000393
2021-02-05,NFP,2021-02-05T13:30:00,5,True,4.470000000000255,5.226999999999862
2021-03-05,NFP,2021-03-05T13:30:00,5,True,6.096999999999753,16.14099999999962
2021-03-17,FOMC,2021-03-17T18:00:00,5,True,3.18100000000004,8.023999999999432
2021-04-28,FOMC,2021-04-28T19:00:00,5,True,2.0,3.1220000000002983
2021-05-07,NFP,2021-05-07T13:30:00,5,True,2.8190000000004147,12.005999999999403
2021-06-04,NFP,2021-06-04T13:30:00,5,True,3.248500000000149,6.796999999999571
2021-06-16,FOMC,2021-06-16T19:00:00,5,True,2.561000000000149,6.018000000000029
2021-07-02,NFP,2021-07-02T13:30:00,5,True,3.007499999999709,6.118999999999687
2021-07-28,FOMC,2021-07-28T19:00:00,5,True,2.720999999999549,4.833000000000538
2021-08-06,NFP,2021-08-06T13:30:00,5,True,2.5,5.333000000000538
2021-09-03,NFP,2021-09-03T13:30:00,5,True,2.3710000000000946,6.421999999999571
2021-09-22,FOMC,2021-09-22T19:00:00,5,True,3.3914999999997235,7.842000000000553
2021-10-08,NFP,2021-10-08T13:30:00,5,True,3.01050000000032,10.03899999999976
2021-11-03,FOMC,2021-11-03T18:00:00,5,True,2.1174999999998363,4.226999999999862
2021-11-05,NFP,2021-11-05T12:30:00,5,True,4.50899999999956,4.095000000000255
2021-12-03,NFP,2021-12-03T13:30:00,5,True,4.153500000000349,5.3149999999996
2021-12-15,FOMC,2021-12-15T19:00:00,5,True,3.1219999999998436,10.011999999999716
2022-01-07,NFP,2022-01-07T13:30:00,5,True,3.5549999999998363,8.827000000000226
2022-01-26,FOMC,2022-01-26T19:00:00,5,True,5.156499999999596,12.29699999999957
2022-02-04,NFP,2022-02-04T13:30:00,5,True,5.628500000000258,9.221000000000458
2022-03-04,NFP,2022-03-04T13:30:00,5,True,10.254499999999553,13.464000000000851
2022-03-16,FOMC,2022-03-16T18:00:00,5,True,7.493999999999687,20.03899999999976
2022-04-01,NFP,2022-04-01T13:30:00,5,True,3.2599999999997635,5.015000000000327
2022-05-04,FOMC,2022-05-04T19:00:00,5,True,5.774999999999636,13.596000000000458
2022-05-06,NFP,2022-05-06T13:30:00,5,True,5.472000000000207,12.333000000000538
2022-06-03,NFP,2022-06-03T13:30:00,5,True,6.01949999999988,10.113000000000284
2022-06-15,FOMC,2022-06-15T19:00:00,5,True,6.0099999999997635,23.27599999999984
2022-07-08,NFP,2022-07-08T13:30:00,5,True,7.454999999999927,14.140000000000327
2022-07-27,FOMC,2022-07-27T19:00:00,5,True,3.4244999999996253,8.47400000000016
2022-08-05,NFP,2022-08-05T13:30:00,5,True,3.574999999999818,11.979999999999563
2022-09-02,NFP,2022-09-02T13:30:00,5,True,5.815000000000055,17.07300000000032
2022-09-21,FOMC,2022-09-21T19:00:00,5,True,3.094000000000051,19.729999999999563
2022-10-07,NFP,2022-10-07T13:30:00,5,True,5.288000000000011,16.688000000000102
2022-11-02,FOMC,2022-11-02T18:00:00,5,True,5.6525000000001455,12.532999999999447
2022-11-04,NFP,2022-11-04T12:30:00,5,True,6.138499999999567,17.552999999999884
2022-12-02,NFP,2022-12-02T13:30:00,5,True,3.3549999999995634,14.574999999999818
2022-12-14,FOMC,2022-12-14T19:00:00,5,True,3.8659999999999854,10.717999999999847
2023-01-06,NFP,2023-01-06T13:30:00,5,True,3.4410000000002583,11.78399999999965
2023-02-01,FOMC,2023-02-01T19:00:00,5,True,3.8989999999998872,8.958999999999833
2023-02-03,NFP,2023-02-03T13:30:00,5,True,3.8460000000004584,14.753000000000611
2023-03-10,NFP,2023-03-10T13:30:00,5,True,5.561499999999796,11.690999999999804
2023-03-22,FOMC,2023-03-22T18:00:00,5,True,4.468499999999949,13.364999999999782
2023-05-03,FOMC,2023-05-03T19:00:00,5,True,2.251499999999851,7.501999999999498
2023-05-05,NFP,2023-05-05T13:30:00,5,True,3.86200000000008,8.069000000000415
2023-06-02,NFP,2023-06-02T13:30:00,5,True,3.3215000000000146,8.83599999999933
2023-06-14,FOMC,2023-06-14T19:00:00,5,True,2.911999999999807,9.708999999999833
2023-07-07,NFP,2023-07-07T13:30:00,5,True,3.7340000000003783,12.037000000000262
2023-07-26,FOMC,2023-07-26T19:00:00,5,True,2.3279999999999745,3.8090000000001965
2023-08-04,NFP,2023-08-04T13:30:00,5,True,6.405499999999847,14.033000000000357
2023-09-01,NFP,2023-09-01T13:30:00,5,True,3.9980000000000473,8.166000000000167
2023-09-20,FOMC,2023-09-20T19:00:00,5,True,1.7519999999999527,7.497000000000298
2023-10-06,NFP,2023-10-06T13:30:00,5,True,4.918500000000222,18.311999999999898
2023-11-01,FOMC,2023-11-01T18:00:00,5,True,5.08199999999988,6.118999999999687
2023-11-03,NFP,2023-11-03T12:30:00,5,True,3.92049999999972,9.537000000000262
2023-12-08,NFP,2023-12-08T13:30:00,5,True,3.95049999999992,8.833999999999833
2023-12-13,FOMC,2023-12-13T19:00:00,5,True,3.3724999999994907,6.425999999999476
2024-01-05,NFP,2024-01-05T13:30:00,5,True,4.991499999999633,11.649000000000342
2024-01-31,FOMC,2024-01-31T19:00:00,5,True,4.204999999999927,8.188999999999396
2024-02-02,NFP,2024-02-02T13:30:00,5,True,3.981000000000222,9.823999999999614
2024-03-08,NFP,2024-03-08T13:30:00,5,True,2.8519999999998618,7.555000000000291
2024-03-20,FOMC,2024-03-20T18:00:00,5,True,2.1859999999996944,6.890999999999622
2024-04-05,NFP,2024-04-05T13:30:00,5,True,3.955500000000029,11.708999999999833
2024-05-01,FOMC,2024-05-01T19:00:00,5,True,3.156500000000051,5.471999999999753
2024-05-03,NFP,2024-05-03T13:30:00,5,True,3.3144999999985885,11.751000000000204
2024-06-07,NFP,2024-06-07T13:30:00,5,True,4.363499999999476,15.306000000000495
2024-06-12,FOMC,2024-06-12T19:00:00,5,True,2.8684999999995853,5.925000000001091
2024-07-05,NFP,2024-07-05T13:30:00,5,True,3.7650000000003274,9.29700000000048
2024-07-31,FOMC,2024-07-31T19:00:00,5,True,4.4705000000003565,4.2409999999999854
2024-08-02,NFP,2024-08-02T13:30:00,5,True,8.263499999999112,22.410000000001673
2024-09-06,NFP,2024-09-06T13:30:00,5,True,4.9354999999995925,12.51300000000083
2024-09-18,FOMC,2024-09-18T19:00:00,5,True,3.0174999999990177,11.514999999999418
2024-10-04,NFP,2024-10-04T13:30:00,5,True,5.497000000000298,12.208999999998923
2024-11-01,NFP,2024-11-01T12:30:00,5,True,5.677999999999884,10.105000000000473
2024-11-07,FOMC,2024-11-07T19:00:00,5,True,2.9784999999997126,3.9589999999998327
2024-12-06,NFP,2024-12-06T13:30:00,5,True,3.9949999999989814,7.0239999999994325
2024-12-18,FOMC,2024-12-18T19:00:00,5,True,2.774000000000342,8.535999999999149
2025-01-10,NFP,2025-01-10T13:30:00,5,True,4.726999999999862,9.674000000000888
2025-01-29,FOMC,2025-01-29T19:00:00,5,True,3.1260000000002037,6.229000000001179
2025-02-07,NFP,2025-02-07T13:30:00,5,True,3.5234999999993306,8.306000000000495
2025-03-07,NFP,2025-03-07T13:30:00,5,True,5.313499999999294,10.336999999999534
2025-03-19,FOMC,2025-03-19T18:00:00,5,True,5.117999999999483,6.610000000000582
2025-04-04,NFP,2025-04-04T13:30:00,5,True,21.800000000000182,23.521999999999935
2025-05-02,NFP,2025-05-02T13:30:00,5,True,5.191999999999098,11.77599999999984
2025-05-07,FOMC,2025-05-07T19:00:00,5,True,4.399999999999636,9.505999999999403
2025-06-06,NFP,2025-06-06T13:30:00,5,True,3.643000000000029,6.3799999999992
2025-06-18,FOMC,2025-06-18T19:00:00,5,True,3.7445000000006985,7.898000000001048
2025-07-03,NFP,2025-07-03T13:30:00,5,True,3.7725000000000364,7.5239999999994325
2025-07-30,FOMC,2025-07-30T19:00:00,5,True,3.091500000000451,5.1010000000005675
2025-08-01,NFP,2025-08-01T13:30:00,5,True,6.102499999999964,10.14600000000064
2025-09-05,NFP,2025-09-05T13:30:00,5,True,3.2515000000003056,7.066999999999098
2025-09-17,FOMC,2025-09-17T19:00:00,5,True,2.9479999999994106,9.404000000000451
2025-10-29,FOMC,2025-10-29T18:00:00,5,True,3.7529999999997017,7.293999999999869
2025-11-20,NFP,2025-11-20T13:30:00,5,True,4.505999999999403,7.527000000000044
2025-12-10,FOMC,2025-12-10T19:00:00,5,True,3.4510000000009313,6.233000000000175
2025-12-16,NFP,2025-12-16T13:30:00,5,True,3.826000000000022,9.041999999999462
