accession,cik,form,filing_date,acceptance_datetime,company,description,items,document_url,classification
0001213900-25-000379,0001355839,8-K,2025-01-02,,"PALTALK, INC.  (PALT)  (CIK 0001355839)",CERTIFICATE OF DESIGNATIONS OF SERIES A NON-VOTING COMMON EQUIVALENT STOCK OF INTELLIGENT PROTECTION MANAGEMENT CORP,1.01;2.01;3.02;3.03;5.02;5.03;5.05;7.01;9.01,https://www.sec.gov/Archives/edgar/data/1355839/000121390025000379/ea0226465-8k_intelli.htm,UNRELATED OR NOT CONFIRMED
0001493152-25-000294,0001752828,8-K,2025-01-03,,"Celularity Inc  (CELU, CELUW)  (CIK 0001752828)",,1.01;3.02;9.01,https://www.sec.gov/Archives/edgar/data/1752828/000149315225000294/ex10-1.htm,SPIN-OFF MENTION — PRIMARY REVIEW REQUIRED
0001104659-25-000865,0001823144,8-K,2025-01-03,,"CompoSecure, Inc.  (CMPO, CMPOW)  (CIK 0001823144)",FORM 8-K,1.01;9.01,https://www.sec.gov/Archives/edgar/data/1823144/000110465925000865/R1.htm,UNRELATED OR NOT CONFIRMED
0000950170-25-001280,0001856236,8-K,2025-01-03,,"European Wax Center, Inc.  (EWCZ)  (CIK 0001856236)",EX-10.1,3.02;9.01,https://www.sec.gov/Archives/edgar/data/1856236/000095017025001280/ewcz-20241227.htm,UNRELATED OR NOT CONFIRMED
0001558370-25-000020,0001745032,8-K,2025-01-03,,"Lodging Fund REIT III, Inc.  (CIK 0001745032)",8-K,1.01;2.04;8.01;9.01,https://www.sec.gov/Archives/edgar/data/1745032/000155837025000020/lfr-20241224x8k.htm,SPIN-OFF MENTION — PRIMARY REVIEW REQUIRED
0001493152-25-000299,0000788611,8-K,2025-01-03,,"NextTrip, Inc.  (NTRP)  (CIK 0000788611)",,1.01;3.02;5.03;9.01,https://www.sec.gov/Archives/edgar/data/788611/000149315225000299/ex10-1.htm,SPIN-OFF MENTION — PRIMARY REVIEW REQUIRED
0001628280-25-000261,0001704292,8-K,2025-01-03,,Zai Lab Ltd  (ZLAB)  (CIK 0001704292),EX-10.2,1.01;2.03;9.01,https://www.sec.gov/Archives/edgar/data/1704292/000162828025000261/ex101-bocomguaranteecontra.htm,UNRELATED OR NOT CONFIRMED
0001140361-25-000296,0001411690,8-K,2025-01-06,,"Bionano Genomics, Inc.  (BNGO)  (CIK 0001411690)",EXHIBIT 4.2,1.01;7.01;8.01;9.01,https://www.sec.gov/Archives/edgar/data/1411690/000114036125000296/ny20041129x2_8k.htm,UNRELATED OR NOT CONFIRMED
0001104659-25-001087,0001130166,8-K,2025-01-06,,"Cyclacel Pharmaceuticals, Inc.  (CYCC, CYCCP)  (CIK 0001130166)",EXHIBIT 3.1,1.01;3.02;3.03;5.02;5.03;8.01;9.01,https://www.sec.gov/Archives/edgar/data/1130166/000110465925001087/R1.htm,UNRELATED OR NOT CONFIRMED
0001193125-25-003535,0001217234,8-K,2025-01-08,,"CareDx, Inc.  (CDNA)  (CIK 0001217234)",EX-10.1,5.02;9.01,https://www.sec.gov/Archives/edgar/data/1217234/000119312525003535/d829322d8k.htm,UNRELATED OR NOT CONFIRMED
0001104659-25-002026,0001438423,8-K,2025-01-08,,EVERSPIN TECHNOLOGIES INC  (MRAM)  (CIK 0001438423),FORM 8-K,5.02;9.01,https://www.sec.gov/Archives/edgar/data/1438423/000110465925002026/R1.htm,UNRELATED OR NOT CONFIRMED
0001178913-25-000072,0001607962,8-K/A,2025-01-08,,Lifeward Ltd.  (LFWD)  (CIK 0001607962),EXHIBIT 4.1,9.01,https://www.sec.gov/Archives/edgar/data/1607962/000117891325000072/exhibit_4-1.htm,LIKELY SPIN-OFF — PRIMARY REVIEW REQUIRED
0001178913-25-000065,0001607962,8-K,2025-01-08,,Lifeward Ltd.  (LFWD)  (CIK 0001607962),EXHIBIT 4.2,1.01;3.02;8.01;9.01,https://www.sec.gov/Archives/edgar/data/1607962/000117891325000065/exhibit_10-1.htm,SPIN-OFF MENTION — PRIMARY REVIEW REQUIRED
0001437749-25-000801,0001719406,8-K,2025-01-10,,"NRX Pharmaceuticals, Inc.  (NRXP, NRXPW)  (CIK 0001719406)",EXHIBIT 99.1,1.01;3.02;8.01;9.01,https://www.sec.gov/Archives/edgar/data/1719406/000143774925000801/ex_764005.htm,UNRELATED OR NOT CONFIRMED
0001628280-25-001137,0001819994,8-K,2025-01-10,,"Rocket Lab USA, Inc.  (RKLB)  (CIK 0001819994)",EX-3.1,3.03;5.03;9.01,https://www.sec.gov/Archives/edgar/data/1819994/000162828025001137/R1.htm,UNRELATED OR NOT CONFIRMED
0001718939-25-000014,0001718939,8-K,2025-01-10,,T Stamp Inc  (IDAI)  (CIK 0001718939),EX-4.1,1.01;3.02;8.01;9.01,https://www.sec.gov/Archives/edgar/data/1718939/000171893925000014/a101securitiespurchaseagre.htm,SPIN-OFF MENTION — PRIMARY REVIEW REQUIRED
0001493152-25-001566,0002011954,10-12B/A,2025-01-10,,Twin Hospitality Group Inc.  (TWNP)  (CIK 0002011954),,,https://www.sec.gov/Archives/edgar/data/2011954/000149315225001566/ex10-3.htm,SPIN-OFF MENTION — PRIMARY REVIEW REQUIRED
0001104659-25-003095,0001705110,8-K,2025-01-13,,Angi Inc.  (ANGI)  (CIK 0001705110),FORM 8-K,3.02;5.02;8.01;9.01,https://www.sec.gov/Archives/edgar/data/1705110/000110465925003095/R1.htm,UNRELATED OR NOT CONFIRMED
0001437749-25-000902,0001120970,8-K,2025-01-13,,Comstock Inc.  (LODE)  (CIK 0001120970),EXHIBIT 10.2,1.01;2.03;9.01,https://www.sec.gov/Archives/edgar/data/1120970/000143774925000902/ex_764363.htm,SPIN-OFF MENTION — PRIMARY REVIEW REQUIRED
0001437749-25-000923,0001120970,8-K,2025-01-13,,Comstock Inc.  (LODE)  (CIK 0001120970),EXHIBIT 99.1,7.01;9.01,https://www.sec.gov/Archives/edgar/data/1120970/000143774925000923/ex_764695.htm,SPIN-OFF MENTION — PRIMARY REVIEW REQUIRED
0001692951-25-000053,0001692951,8-K,2025-01-13,,"Cottonwood Communities, Inc.  (CIK 0001692951)",EX-3.1 ARTICLES SUPPLEMENTARY - SERIES A CONVERTIBLE PREFERRED STOCK,1.01;3.02;3.03;5.03;9.01,https://www.sec.gov/Archives/edgar/data/1692951/000169295125000053/cci-20241205.htm,SPIN-OFF MENTION — PRIMARY REVIEW REQUIRED
0000899140-25-000065,0001743725,8-K,2025-01-13,,"GRID DYNAMICS HOLDINGS, INC.  (GDYN)  (CIK 0001743725)",,5.02,https://www.sec.gov/Archives/edgar/data/1743725/000089914025000065/g83305165.htm,UNRELATED OR NOT CONFIRMED
0001104659-25-003068,0001981792,8-K,2025-01-13,,Howard Hughes Holdings Inc.  (HHH)  (CIK 0001981792),EXHIBIT 99.2,7.01;9.01,https://www.sec.gov/Archives/edgar/data/1981792/000110465925003068/R1.htm,UNRELATED OR NOT CONFIRMED
0001104659-25-003096,0001800227,8-K,2025-01-13,,IAC Inc.  (IAC)  (CIK 0001800227),FORM 8-K,1.01;1.02;5.02;8.01;9.01,https://www.sec.gov/Archives/edgar/data/1800227/000110465925003096/R1.htm,UNRELATED OR NOT CONFIRMED
0002007919-25-000003,0002007919,8-K,2025-01-13,,"Inhibrx Biosciences, Inc.  (INBX)  (CIK 0002007919)",EX-4.1,1.01;2.03;3.02;7.01;9.01,https://www.sec.gov/Archives/edgar/data/2007919/000200791925000003/exhibit101-oxfordlsa.htm,SPIN-OFF MENTION — PRIMARY REVIEW REQUIRED
0001193125-25-004622,0000920760,8-K,2025-01-13,,"LENNAR CORP /NEW/  (LEN, LEN-B)  (CIK 0000920760)",8-K,8.01;9.01,https://www.sec.gov/Archives/edgar/data/920760/000119312525004622/d917261d8k.htm,SPIN-OFF MENTION — PRIMARY REVIEW REQUIRED
0001615219-25-000004,0001615219,8-K,2025-01-13,,"Salarius Pharmaceuticals, Inc.  (SLRX)  (CIK 0001615219)",EX-4.1,1.01;3.02;7.01;8.01;9.01,https://www.sec.gov/Archives/edgar/data/1615219/000161521925000004/a991fs2022and2023.htm,UNRELATED OR NOT CONFIRMED
0000950170-25-005373,0001888654,8-K,2025-01-14,,"5E Advanced Materials, Inc.  (FEAM, FEAV)  (CIK 0001888654)",EX-10.6,1.01;2.03;3.02;7.01;8.01;9.01,https://www.sec.gov/Archives/edgar/data/1888654/000095017025005373/feam-20250110.htm,UNRELATED OR NOT CONFIRMED
0001104659-25-003194,0001974138,8-K,2025-01-14,,NCR Atleos Corp  (NATL)  (CIK 0001974138),EXHIBIT 99.1,5.02;7.01;9.01,https://www.sec.gov/Archives/edgar/data/1974138/000110465925003194/R1.htm,UNRELATED OR NOT CONFIRMED
0001166388-25-000002,0001166388,8-K,2025-01-14,,VERINT SYSTEMS INC  (VRNT)  (CIK 0001166388),PRESS RELEASE,7.01;9.01,https://www.sec.gov/Archives/edgar/data/1166388/000116638825000002/exh991-vrntjan1420258xkx20.htm,SPIN-OFF MENTION — PRIMARY REVIEW REQUIRED
0001437107-25-000004,0001437107,8-K,2025-01-14,,"Warner Bros. Discovery, Inc.  (WBD)  (CIK 0001437107)",EX-99,5.02;7.01;9.01,https://www.sec.gov/Archives/edgar/data/1437107/000143710725000004/disca-20250108.htm,UNRELATED OR NOT CONFIRMED
0001753926-25-000093,0000840715,8-K,2025-01-15,,CLEARONE INC  (CLRO)  (CIK 0000840715),8-K,3.01;9.01,https://www.sec.gov/Archives/edgar/data/840715/000175392625000093/clro-20250115.htm,SPIN-OFF MENTION — PRIMARY REVIEW REQUIRED
0001800227-25-000003,0001800227,8-K,2025-01-15,,IAC Inc.  (IAC)  (CIK 0001800227),EX-99.1,7.01;9.01,https://www.sec.gov/Archives/edgar/data/1800227/000180022725000003/ex-991xsupplementalfinanci.htm,SPIN-OFF MENTION — PRIMARY REVIEW REQUIRED
0001193125-25-007774,0001828811,8-K,2025-01-16,,Li-Cycle Holdings Corp.  (LICY)  (CIK 0001828811),EX-4.3,1.01;8.01;9.01,https://www.sec.gov/Archives/edgar/data/1828811/000119312525007774/d867622d8k.htm,UNRELATED OR NOT CONFIRMED
0001193125-25-007725,0000106040,8-K,2025-01-16,,WESTERN DIGITAL CORP  (WDC)  (CIK 0000106040),8-K,2.02;5.02,https://www.sec.gov/Archives/edgar/data/106040/000119312525007725/d856730d8k.htm,SPIN-OFF MENTION — PRIMARY REVIEW REQUIRED
0001193125-25-008517,0001871638,8-K,2025-01-17,,"Blaize Holdings, Inc.  (BRKH, BRKHU, BRKHW)  (CIK 0001871638)",EX-10.22,1.01;2.01;3.02;3.03;4.01;5.01;5.02;5.03;5.05;5.06;8.01;9.01,https://www.sec.gov/Archives/edgar/data/1871638/000119312525008517/d903961d8k.htm,UNRELATED OR NOT CONFIRMED
0000815556-25-000051,0000815556,8-K,2025-01-17,,FASTENAL CO  (FAST)  (CIK 0000815556),8-K,5.02,https://www.sec.gov/Archives/edgar/data/815556/000081555625000051/fast-20250116.htm,SPIN-OFF MENTION — PRIMARY REVIEW REQUIRED
0001493152-25-002733,0001705012,8-K,2025-01-17,,"Fat Brands, Inc  (FAT, FATBB, FATBP, FATBW)  (CIK 0001705012)",,8.01;9.01,https://www.sec.gov/Archives/edgar/data/1705012/000149315225002733/ex99-1.htm,LIKELY SPIN-OFF — PRIMARY REVIEW REQUIRED
0001493152-25-002832,0001962011,8-K,2025-01-17,,"Kairos Pharma, LTD.  (KAPA)  (CIK 0001962011)",,1.01;3.02;9.01,https://www.sec.gov/Archives/edgar/data/1962011/000149315225002832/ex10-1.htm,SPIN-OFF MENTION — PRIMARY REVIEW REQUIRED
0001493152-25-002824,0002011954,8-K,2025-01-17,,Twin Hospitality Group Inc.  (TWNP)  (CIK 0002011954),,7.01;9.01,https://www.sec.gov/Archives/edgar/data/2011954/000149315225002824/ex99-1.htm,LIKELY SPIN-OFF — PRIMARY REVIEW REQUIRED
0000066740-25-000002,0000066740,8-K,2025-01-21,,3M CO  (MMM)  (CIK 0000066740),EX-99.1,2.02;9.01,https://www.sec.gov/Archives/edgar/data/66740/000006674025000002/mmm-20250121.htm,UNRELATED OR NOT CONFIRMED
0001193125-25-009205,0000920760,8-K,2025-01-21,,"LENNAR CORP /NEW/  (LEN, LEN-B)  (CIK 0000920760)",8-K,8.01;9.01,https://www.sec.gov/Archives/edgar/data/920760/000119312525009205/d913968d8k.htm,LIKELY SPIN-OFF — PRIMARY REVIEW REQUIRED
0001193125-25-008947,0002023554,10-12B/A,2025-01-21,,Sandisk Corp  (SNDK)  (CIK 0002023554),10-12B/A,,https://www.sec.gov/Archives/edgar/data/2023554/000119312525008947/d835366d1012ba.htm,SPIN-OFF MENTION — PRIMARY REVIEW REQUIRED
0001521332-25-000003,0001521332,8-K,2025-01-22,,Aptiv PLC  (APTV)  (CIK 0001521332),EXHIBIT 99.1,2.02;7.01;9.01,https://www.sec.gov/Archives/edgar/data/1521332/000152133225000003/aptv-20250122.htm,UNRELATED OR NOT CONFIRMED
0001996810-25-000004,0001996810,8-K,2025-01-22,,GE Vernova Inc.  (GEV)  (CIK 0001996810),EX-99,2.02;9.01,https://www.sec.gov/Archives/edgar/data/1996810/000199681025000004/gev-20250122.htm,UNRELATED OR NOT CONFIRMED
0001104659-25-006034,0002039497,10-12B/A,2025-01-24,,"Resolute Holdings Management, Inc.  (RHLD)  (CIK 0002039497)",EXHIBIT 2.1,,https://www.sec.gov/Archives/edgar/data/2039497/000110465925006034/tm2425234-9_1012ba.htm,SPIN-OFF MENTION — PRIMARY REVIEW REQUIRED
0001493152-25-003643,0001760903,8-K,2025-01-24,,"Safety Shot, Inc.  (SHOT, SHOTW)  (CIK 0001760903)",,1.01;2.03;3.02;9.01,https://www.sec.gov/Archives/edgar/data/1760903/000149315225003643/ex10-1.htm,UNRELATED OR NOT CONFIRMED
0001493152-25-003813,0000844856,8-K,2025-01-27,,Healthier Choices Management Corp.  (HCMC)  (CIK 0000844856),,4.01;8.01;9.01,https://www.sec.gov/Archives/edgar/data/844856/000149315225003813/ex16-1.htm,UNRELATED OR NOT CONFIRMED
0001829126-25-000406,0001499961,8-K,2025-01-27,,MULLEN AUTOMOTIVE INC.  (MULN)  (CIK 0001499961),EXHIBIT 10.1(A),1.01;2.03;3.02;9.01,https://www.sec.gov/Archives/edgar/data/1499961/000182912625000406/mullenautomotive_8k.htm,UNRELATED OR NOT CONFIRMED
0001193125-25-013282,0002023554,10-12B/A,2025-01-27,,Sandisk Corp  (SNDK)  (CIK 0002023554),10-12B/A,,https://www.sec.gov/Archives/edgar/data/2023554/000119312525013282/d835366d1012ba.htm,SPIN-OFF MENTION — PRIMARY REVIEW REQUIRED
0001104659-25-006529,0001227654,8-K,2025-01-28,,COMPASS MINERALS INTERNATIONAL INC  (CMP)  (CIK 0001227654),FORM 8-K,5.02;9.01,https://www.sec.gov/Archives/edgar/data/1227654/000110465925006529/R1.htm,UNRELATED OR NOT CONFIRMED
0001437749-25-002160,0001719406,8-K,2025-01-29,,"NRX Pharmaceuticals, Inc.  (NRXP, NRXPW)  (CIK 0001719406)",EXHIBIT 4.4,1.01;2.03;3.02;8.01;9.01,https://www.sec.gov/Archives/edgar/data/1719406/000143774925002160/ex_771257.htm,LIKELY SPIN-OFF — PRIMARY REVIEW REQUIRED
0001213900-25-007705,0001795091,8-K,2025-01-29,,OS Therapies Inc  (OSTX)  (CIK 0001795091),FORM OF WARRANT,1.01;3.02;5.02;8.01;9.01,https://www.sec.gov/Archives/edgar/data/1795091/000121390025007705/ea0229055-8k_osthera.htm,UNRELATED OR NOT CONFIRMED
0001213900-25-007698,0001158780,8-K,2025-01-29,,Pluri Inc.  (PLUR)  (CIK 0001158780),FORM OF PRE-FUNDED WARRANT,1.01;3.02;5.02;9.01,https://www.sec.gov/Archives/edgar/data/1158780/000121390025007698/ea0228987-8k_pluri.htm,UNRELATED OR NOT CONFIRMED
0001104659-25-007049,0001390478,8-K,2025-01-29,,"SELLAS Life Sciences Group, Inc.  (SLS)  (CIK 0001390478)",EXHIBIT 4.1,1.01;8.01;9.01,https://www.sec.gov/Archives/edgar/data/1390478/000110465925007049/R1.htm,UNRELATED OR NOT CONFIRMED
0001856437-25-000002,0001856437,8-K,2025-01-29,,Victoria's Secret & Co.  (VSCO)  (CIK 0001856437),PRESS RELEASE,5.02;7.01;9.01,https://www.sec.gov/Archives/edgar/data/1856437/000185643725000002/ex101vscojanuary20258-k.htm,UNRELATED OR NOT CONFIRMED
0001193125-25-016268,0001744659,8-K,2025-01-30,,"Akero Therapeutics, Inc.  (AKRO)  (CIK 0001744659)",EX-4.1,1.01;9.01,https://www.sec.gov/Archives/edgar/data/1744659/000119312525016268/d861286d8k.htm,UNRELATED OR NOT CONFIRMED
0001101215-25-000013,0001101215,8-K,2025-01-30,,"BREAD FINANCIAL HOLDINGS, INC.  (BFH)  (CIK 0001101215)",EX-99.1,7.01;9.01,https://www.sec.gov/Archives/edgar/data/1101215/000110121525000013/bfh-20250130.htm,UNRELATED OR NOT CONFIRMED
0001166691-25-000006,0001166691,8-K,2025-01-30,,"COMCAST CORP  (CCZ, CMCSA)  (CIK 0001166691)",EX-99.1,2.02;9.01,https://www.sec.gov/Archives/edgar/data/1166691/000116669125000006/cmcsa-20250130.htm,UNRELATED OR NOT CONFIRMED
0001477932-25-000531,0002049860,10-12B/A,2025-01-30,,Electrified Materials Corp / IN  (CIK 0002049860),FORM 10-12B/A,,https://www.sec.gov/Archives/edgar/data/2049860/000147793225000531/ems_1012ba.htm,SPIN-OFF MENTION — PRIMARY REVIEW REQUIRED
0001193125-25-016455,0001601485,8-K,2025-01-30,,"Elicio Therapeutics, Inc.  (ELTX)  (CIK 0001601485)",EX-4.1,1.01;8.01;9.01,https://www.sec.gov/Archives/edgar/data/1601485/000119312525016455/d914999d8k.htm,UNRELATED OR NOT CONFIRMED
0001493152-25-004252,0001705012,8-K,2025-01-30,,"Fat Brands, Inc  (FAT, FATAV, FATBB, FATBP, FATBV, FATBW)  (CIK 0001705012)",,1.01;9.01,https://www.sec.gov/Archives/edgar/data/1705012/000149315225004252/form8-k.htm,LIKELY SPIN-OFF — PRIMARY REVIEW REQUIRED
0001493152-25-004240,0002011954,8-K,2025-01-30,,"Twin Hospitality Group Inc.  (TWNP, TWNPV)  (CIK 0002011954)",,1.01;9.01,https://www.sec.gov/Archives/edgar/data/2011954/000149315225004240/ex10-1.htm,LIKELY SPIN-OFF — PRIMARY REVIEW REQUIRED
0001731122-25-000135,0001708331,8-K,2025-01-30,,"Virpax Pharmaceuticals, Inc.  (VRPX)  (CIK 0001708331)",EXHIBIT 4.1,1.01;7.01;9.01,https://www.sec.gov/Archives/edgar/data/1708331/000173112225000135/e6318_8k.htm,UNRELATED OR NOT CONFIRMED
0001193125-25-017188,0000106040,8-K,2025-01-30,,WESTERN DIGITAL CORP  (WDC)  (CIK 0000106040),8-K,5.02;9.01,https://www.sec.gov/Archives/edgar/data/106040/000119312525017188/d916996d8k.htm,SPIN-OFF MENTION — PRIMARY REVIEW REQUIRED
0001193125-25-018475,0000051434,8-K,2025-01-31,,"INTERNATIONAL PAPER CO /NEW/  (IP, INPAP)  (CIK 0000051434)",EX-99.1,2.01;3.02;8.01;9.01,https://www.sec.gov/Archives/edgar/data/51434/000119312525018475/d912124d8k.htm,UNRELATED OR NOT CONFIRMED
0000041719-25-000009,0000041719,8-K/A,2025-01-31,,Magnera Corp  (MAGN)  (CIK 0000041719),EX-99.3,8.01;9.01,https://www.sec.gov/Archives/edgar/data/41719/000004171925000009/magn-20241104.htm,UNRELATED OR NOT CONFIRMED
0001493152-25-004477,0000788611,8-K,2025-01-31,,"NextTrip, Inc.  (NTRP)  (CIK 0000788611)",,1.01;3.02;5.03;9.01,https://www.sec.gov/Archives/edgar/data/788611/000149315225004477/ex10-1.htm,UNRELATED OR NOT CONFIRMED
0001104659-25-007704,0001653384,8-K,2025-01-31,,"Runway Growth Finance Corp.  (RWAY, RWAYL, RWAYZ)  (CIK 0001653384)",EXHIBIT 10.1,1.01;7.01;9.01,https://www.sec.gov/Archives/edgar/data/1653384/000110465925007704/R1.htm,UNRELATED OR NOT CONFIRMED
0001772016-25-000026,0001772016,8-K,2025-02-03,,"BELLRING BRANDS, INC.  (BRBR)  (CIK 0001772016)",EX-99.2 - SUPPLEMENTAL PRESENTATION,2.02;9.01,https://www.sec.gov/Archives/edgar/data/1772016/000177201625000026/brbr-20250203.htm,UNRELATED OR NOT CONFIRMED
0001193125-25-019298,0002023554,8-K,2025-02-03,,Sandisk Corp  (SNDK)  (CIK 0002023554),EX-99.1,8.01;9.01,https://www.sec.gov/Archives/edgar/data/2023554/000119312525019298/d919795d8k.htm,LIKELY SPIN-OFF — PRIMARY REVIEW REQUIRED
0001193125-25-019294,0000106040,8-K,2025-02-03,,WESTERN DIGITAL CORP  (WDC)  (CIK 0000106040),8-K,8.01;9.01,https://www.sec.gov/Archives/edgar/data/106040/000119312525019294/d922460d8k.htm,LIKELY SPIN-OFF — PRIMARY REVIEW REQUIRED
0001584509-25-000043,0001584509,8-K,2025-02-04,,Aramark  (ARMK)  (CIK 0001584509),EX-99.1,2.02;9.01,https://www.sec.gov/Archives/edgar/data/1584509/000158450925000043/cik0-20250204.htm,UNRELATED OR NOT CONFIRMED
0000772406-25-000006,0000772406,8-K,2025-02-04,,"CIRRUS LOGIC, INC.  (CRUS)  (CIK 0000772406)",EX-99.3,2.02;5.02;7.01;9.01,https://www.sec.gov/Archives/edgar/data/772406/000077240625000006/crus-20250203.htm,UNRELATED OR NOT CONFIRMED
0001437749-25-002919,0001642122,8-K,2025-02-05,,"Associated Capital Group, Inc.  (AC)  (CIK 0001642122)",EXHIBIT 99.1,2.02;9.01,https://www.sec.gov/Archives/edgar/data/1642122/000143774925002919/ac20250127_8k.htm,UNRELATED OR NOT CONFIRMED
0001193125-25-020868,0001050446,8-K,2025-02-05,,MICROSTRATEGY Inc  (MSTR)  (CIK 0001050446),EX-3.1,3.03;5.03;9.01,https://www.sec.gov/Archives/edgar/data/1050446/000119312525020868/d791994d8k.htm,SPIN-OFF MENTION — PRIMARY REVIEW REQUIRED
0001193125-25-020393,0000070866,8-K,2025-02-05,,"NCR Voyix Corp  (VYX, NCRRP)  (CIK 0000070866)",EX-99.1,5.02;8.01;9.01,https://www.sec.gov/Archives/edgar/data/70866/000119312525020393/d817151d8k.htm,UNRELATED OR NOT CONFIRMED
0001521332-25-000006,0001521332,8-K,2025-02-06,,Aptiv PLC  (APTV)  (CIK 0001521332),EXHIBIT 99.1,2.02;7.01;9.01,https://www.sec.gov/Archives/edgar/data/1521332/000152133225000006/aptv-20250206.htm,SPIN-OFF MENTION — PRIMARY REVIEW REQUIRED
0000908255-25-000003,0000908255,8-K,2025-02-06,,BORGWARNER INC  (BWA)  (CIK 0000908255),EX-99.1,2.02;7.01;9.01,https://www.sec.gov/Archives/edgar/data/908255/000090825525000003/a20241231ex991pressrelease.htm,SPIN-OFF MENTION — PRIMARY REVIEW REQUIRED
0000773840-25-000005,0000773840,8-K,2025-02-06,,HONEYWELL INTERNATIONAL INC  (HON)  (CIK 0000773840),EX-99.2,2.02;7.01;8.01;9.01,https://www.sec.gov/Archives/edgar/data/773840/000077384025000005/exhibit991-q42024earningsr.htm,SPIN-OFF MENTION — PRIMARY REVIEW REQUIRED
0001110803-25-000014,0001110803,8-K,2025-02-06,,"ILLUMINA, INC.  (ILMN)  (CIK 0001110803)",EX-99.1,2.02;9.01,https://www.sec.gov/Archives/edgar/data/1110803/000111080325000014/a4q24earningsrelease.htm,SPIN-OFF MENTION — PRIMARY REVIEW REQUIRED
0000920148-25-000021,0000920148,8-K,2025-02-06,,LABCORP HOLDINGS INC.  (LH)  (CIK 0000920148),EX-99.1,2.02;9.01,https://www.sec.gov/Archives/edgar/data/920148/000092014825000021/form8-kerex991for4q24.htm,SPIN-OFF MENTION — PRIMARY REVIEW REQUIRED
0000067716-25-000007,0000067716,8-K,2025-02-06,,MDU RESOURCES GROUP INC  (MDU)  (CIK 0000067716),"MDU RESOURCES GROUP, INC. EX 99",2.02;7.01;9.01,https://www.sec.gov/Archives/edgar/data/67716/000006771625000007/a2024earningsreleaseex-99.htm,SPIN-OFF MENTION — PRIMARY REVIEW REQUIRED
0001952073-25-000004,0001952073,8-K,2025-02-06,,Madison Square Garden Entertainment Corp.  (MSGE)  (CIK 0001952073),EX-99.1,2.02;9.01,https://www.sec.gov/Archives/edgar/data/1952073/000195207325000004/msge-20250206.htm,UNRELATED OR NOT CONFIRMED
0001104659-25-009874,0001166003,8-K,2025-02-06,,"XPO, Inc.  (XPO)  (CIK 0001166003)",EXHIBIT 99.1,7.01;9.01,https://www.sec.gov/Archives/edgar/data/1166003/000110465925009874/R1.htm,UNRELATED OR NOT CONFIRMED
0001193125-25-022309,0000920760,8-K,2025-02-07,,"LENNAR CORP /NEW/  (LEN, LEN-B)  (CIK 0000920760)",8-K,7.01;8.01;9.01,https://www.sec.gov/Archives/edgar/data/920760/000119312525022309/d933374d8k.htm,LIKELY SPIN-OFF — PRIMARY REVIEW REQUIRED
0001193125-25-022336,0002017206,8-K,2025-02-07,,"Millrose Properties, Inc.  (MRP)  (CIK 0002017206)",8-K,1.01;2.03;3.02;3.03;5.01;5.02;5.03;7.01;9.01,https://www.sec.gov/Archives/edgar/data/2017206/000119312525022336/d760441d8k.htm,LIKELY SPIN-OFF — PRIMARY REVIEW REQUIRED
0001104659-25-010443,0002039497,10-12B/A,2025-02-07,,"Resolute Holdings Management, Inc.  (RHLD)  (CIK 0002039497)",10-12B/A,,https://www.sec.gov/Archives/edgar/data/2039497/000110465925010443/tm2425234-13_1012ba.htm,SPIN-OFF MENTION — PRIMARY REVIEW REQUIRED
0001104659-25-010752,0001823144,8-K,2025-02-10,,"CompoSecure, Inc.  (CMPO, CMPOW)  (CIK 0001823144)",FORM 8-K,2.02;8.01;9.01,https://www.sec.gov/Archives/edgar/data/1823144/000110465925010752/R1.htm,UNRELATED OR NOT CONFIRMED
0001193125-25-023219,0001754301,8-K,2025-02-10,,"Fox Corp  (FOX, FOXA)  (CIK 0001754301)",EX-99.1,5.02;9.01,https://www.sec.gov/Archives/edgar/data/1754301/000119312525023219/d925169d8k.htm,UNRELATED OR NOT CONFIRMED
0001628280-25-004483,0000060519,8-K,2025-02-10,,LOUISIANA-PACIFIC CORP  (LPX)  (CIK 0000060519),EX-99.1,5.02;7.01;9.01,https://www.sec.gov/Archives/edgar/data/60519/000162828025004483/lpx-20250206.htm,UNRELATED OR NOT CONFIRMED
0001104659-25-010902,0002039497,10-12B/A,2025-02-10,,"Resolute Holdings Management, Inc.  (RHLD)  (CIK 0002039497)",10-12B/A,,https://www.sec.gov/Archives/edgar/data/2039497/000110465925010902/tm2425234-18_1012ba.htm,SPIN-OFF MENTION — PRIMARY REVIEW REQUIRED
0001705110-25-000009,0001705110,8-K,2025-02-11,,Angi Inc.  (ANGI)  (CIK 0001705110),EX-99.1,2.02;7.01;9.01,https://www.sec.gov/Archives/edgar/data/1705110/000170511025000009/angi-20250211.htm,UNRELATED OR NOT CONFIRMED
0001101215-25-000026,0001101215,8-K,2025-02-11,,"BREAD FINANCIAL HOLDINGS, INC.  (BFH)  (CIK 0001101215)",EX-99.1,7.01;9.01,https://www.sec.gov/Archives/edgar/data/1101215/000110121525000026/bfh-20250211.htm,UNRELATED OR NOT CONFIRMED
0000950170-25-017451,0002027317,8-K,2025-02-11,,Curbline Properties Corp.  (CURB)  (CIK 0002027317),EX-99.1,2.02;9.01,https://www.sec.gov/Archives/edgar/data/2027317/000095017025017451/curb-20250211.htm,UNRELATED OR NOT CONFIRMED
0002015845-25-000005,0002015845,8-K,2025-02-11,,"Everus Construction Group, Inc.  (ECG)  (CIK 0002015845)",EX-99.1,2.02;7.01,https://www.sec.gov/Archives/edgar/data/2015845/000201584525000005/a2024q4ex99-ecg.htm,LIKELY SPIN-OFF — PRIMARY REVIEW REQUIRED
0001800227-25-000006,0001800227,8-K,2025-02-11,,IAC Inc.  (IAC)  (CIK 0001800227),EX-99.1,2.02;7.01;9.01,https://www.sec.gov/Archives/edgar/data/1800227/000180022725000006/ex_991q42024iac-pressrelea.htm,SPIN-OFF MENTION — PRIMARY REVIEW REQUIRED
0001213900-25-012244,0001176309,8-K,2025-02-11,,ORAMED PHARMACEUTICALS INC.  (ORMP)  (CIK 0001176309),CURRENT REPORT,1.01;7.01;9.01,https://www.sec.gov/Archives/edgar/data/1176309/000121390025012244/ea0229914-8k_oramed.htm,LIKELY SPIN-OFF — PRIMARY REVIEW REQUIRED
0001025378-25-000022,0001025378,8-K,2025-02-11,,W. P. Carey Inc.  (WPC)  (CIK 0001025378),EX-99.2,2.02;7.01;9.01,https://www.sec.gov/Archives/edgar/data/1025378/000102537825000022/exhibit993-investorprese.htm,UNRELATED OR NOT CONFIRMED
0001628280-25-004776,0001959348,8-K,2025-02-11,,WK Kellogg Co  (KLG)  (CIK 0001959348),EX-99.1,2.02;9.01,https://www.sec.gov/Archives/edgar/data/1959348/000162828025004776/klg-2024q4exhibit991.htm,SPIN-OFF MENTION — PRIMARY REVIEW REQUIRED
0001477932-25-000921,0002049860,10-12B/A,2025-02-12,,Electrified Materials Corp / IN  (CIK 0002049860),TRANSITION SERVICES AGREEMENT,,https://www.sec.gov/Archives/edgar/data/2049860/000147793225000921/ems_1012ba.htm,SPIN-OFF MENTION — PRIMARY REVIEW REQUIRED
0001932393-25-000004,0001932393,8-K,2025-02-13,,GE HealthCare Technologies Inc.  (GEHC)  (CIK 0001932393),EX-99,2.02;9.01,https://www.sec.gov/Archives/edgar/data/1932393/000193239325000004/gehc-20250213.htm,UNRELATED OR NOT CONFIRMED
0001364479-25-000006,0001364479,8-K,2025-02-13,,HERC HOLDINGS INC  (HRI)  (CIK 0001364479),EX-99.2,2.02;9.01,https://www.sec.gov/Archives/edgar/data/1364479/000136447925000006/herc2024q4-pressrelease.htm,SPIN-OFF MENTION — PRIMARY REVIEW REQUIRED
0001968915-25-000004,0001968915,8-K,2025-02-13,,PHINIA INC.  (PHIN)  (CIK 0001968915),EX-99,2.02;9.01,https://www.sec.gov/Archives/edgar/data/1968915/000196891525000004/phin-20250213.htm,UNRELATED OR NOT CONFIRMED
0001193125-25-027362,0001576280,8-K,2025-02-14,,"Guardant Health, Inc.  (GH)  (CIK 0001576280)",EX-4.1,1.01;2.03;3.02;9.01,https://www.sec.gov/Archives/edgar/data/1576280/000119312525027362/d891468d8k.htm,UNRELATED OR NOT CONFIRMED
0001104659-25-013546,0002039497,8-K,2025-02-14,,"Resolute Holdings Management, Inc.  (RHLD)  (CIK 0002039497)",FORM 8-K,7.01;9.01,https://www.sec.gov/Archives/edgar/data/2039497/000110465925013546/R1.htm,UNRELATED OR NOT CONFIRMED
0001570585-25-000022,0001570585,8-K,2025-02-18,,"Liberty Global Ltd.  (LBTYA, LBTYB, LBTYK)  (CIK 0001570585)",EX-99.1,2.02;7.01;9.01,https://www.sec.gov/Archives/edgar/data/1570585/000157058525000022/ex991lgq42024pressrelease.htm,SPIN-OFF MENTION — PRIMARY REVIEW REQUIRED
0000950142-25-000443,0002039497,8-K,2025-02-19,,"Resolute Holdings Management, Inc.  (RHLD)  (CIK 0002039497)",FORM 8-K,5.02;5.03;9.01,https://www.sec.gov/Archives/edgar/data/2039497/000095014225000443/eh250593103_8k.htm,SPIN-OFF MENTION — PRIMARY REVIEW REQUIRED
0001683168-25-001149,0001590418,8-K,2025-02-20,,FOCUS UNIVERSAL INC.  (FCUV)  (CIK 0001590418),PRESS RELEASE,8.01;9.01,https://www.sec.gov/Archives/edgar/data/1590418/000168316825001149/focus_8k.htm,SPIN-OFF MENTION — PRIMARY REVIEW REQUIRED
0001493152-25-007719,0001861622,8-K,2025-02-20,,Jet.AI Inc.  (JTAI)  (CIK 0001861622),,1.01;8.01,https://www.sec.gov/Archives/edgar/data/1861622/000149315225007719/ex10-1.htm,LIKELY SPIN-OFF — PRIMARY REVIEW REQUIRED
0001493152-25-007898,0001847345,8-K,2025-02-21,,"Aspire Biopharma Holdings, Inc.  (PWUP, PWUPU, PWUPW)  (CIK 0001847345)",,1.01;2.01;2.03;3.02;3.03;4.01;5.01;5.02;5.03;5.05;5.06;7.01;9.01,https://www.sec.gov/Archives/edgar/data/1847345/000149315225007898/ex1-1.htm,UNRELATED OR NOT CONFIRMED
0001193125-25-032114,0001965040,8-K,2025-02-21,,Fortrea Holdings Inc.  (FTRE)  (CIK 0001965040),8-K,1.01;5.02;7.01;9.01,https://www.sec.gov/Archives/edgar/data/1965040/000119312525032114/d868928d8k.htm,SPIN-OFF MENTION — PRIMARY REVIEW REQUIRED
0001193125-25-032800,0001050446,8-K,2025-02-24,,"MICROSTRATEGY Inc  (MSTR, STRK)  (CIK 0001050446)",EX-4.1,1.01;2.03;3.02;8.01;9.01,https://www.sec.gov/Archives/edgar/data/1050446/000119312525032800/d851880d8k.htm,UNRELATED OR NOT CONFIRMED
0001193125-25-032713,0002017206,8-K,2025-02-24,,"Millrose Properties, Inc.  (MRP)  (CIK 0002017206)",EX-99.1,7.01;9.01,https://www.sec.gov/Archives/edgar/data/2017206/000119312525032713/d866617d8k.htm,UNRELATED OR NOT CONFIRMED
0001193125-25-033433,0002023554,8-K,2025-02-24,,"Sandisk Corp  (SNDK, SNDKV)  (CIK 0002023554)",EX-3.1,1.01;2.03;3.03;5.01;5.02;5.03;5.05;8.01;9.01,https://www.sec.gov/Archives/edgar/data/2023554/000119312525033433/d849281d8k.htm,LIKELY SPIN-OFF — PRIMARY REVIEW REQUIRED
0001193125-25-033383,0000106040,8-K,2025-02-24,,"WESTERN DIGITAL CORP  (WDC, WDCVV)  (CIK 0000106040)",8-K,1.01;2.01;2.03;8.01;9.01,https://www.sec.gov/Archives/edgar/data/106040/000119312525033383/d847507d8k.htm,LIKELY SPIN-OFF — PRIMARY REVIEW REQUIRED
0001193125-25-035279,0000769520,8-K,2025-02-25,,MIDDLEBY Corp  (MIDD)  (CIK 0000769520),8-K,1.01;5.02;7.01;9.01,https://www.sec.gov/Archives/edgar/data/769520/000119312525035279/d924983d8k.htm,SPIN-OFF MENTION — PRIMARY REVIEW REQUIRED
0001477932-25-001261,0002049860,10-12B/A,2025-02-26,,Electrified Materials Corp / IN  (CIK 0002049860),TRANSITION SERVICES AGREEMENT,,https://www.sec.gov/Archives/edgar/data/2049860/000147793225001261/ems_1012ba.htm,SPIN-OFF MENTION — PRIMARY REVIEW REQUIRED
0001628280-25-008123,0001981792,8-K,2025-02-26,,Howard Hughes Holdings Inc.  (HHH)  (CIK 0001981792),EX-99.2,2.02;7.01;9.01,https://www.sec.gov/Archives/edgar/data/1981792/000162828025008123/hhh-20250226.htm,UNRELATED OR NOT CONFIRMED
0000106040-25-000012,0000106040,8-K/A,2025-02-26,,"WESTERN DIGITAL CORP  (WDC, WDCVV)  (CIK 0000106040)",EX-99.1,9.01,https://www.sec.gov/Archives/edgar/data/106040/000010604025000012/R1.htm,UNRELATED OR NOT CONFIRMED
0001104659-25-018268,0001083446,8-K,2025-02-27,,"Astrana Health, Inc.  (ASTH)  (CIK 0001083446)",EXHIBIT 99.2,2.02;9.01,https://www.sec.gov/Archives/edgar/data/1083446/000110465925018268/R1.htm,UNRELATED OR NOT CONFIRMED
0000701985-25-000005,0000701985,8-K,2025-02-27,,"Bath & Body Works, Inc.  (BBWI)  (CIK 0000701985)",PRESS RELEASE,2.02;7.01;9.01,https://www.sec.gov/Archives/edgar/data/701985/000070198525000005/bbwi-20250227.htm,UNRELATED OR NOT CONFIRMED
0001091667-25-000045,0001091667,8-K,2025-02-27,,"CHARTER COMMUNICATIONS, INC. /MO/  (CHTR)  (CIK 0001091667)",EX-99.1,5.07;7.01;9.01,https://www.sec.gov/Archives/edgar/data/1091667/000109166725000045/a022625chtr8-kexh991.htm,SPIN-OFF MENTION — PRIMARY REVIEW REQUIRED
0001140361-25-006134,0001899883,8-K,2025-02-27,,FTAI Infrastructure Inc.  (FIP)  (CIK 0001899883),EXHIBIT 3.1,1.01;2.01;3.02;5.02;5.03;9.01,https://www.sec.gov/Archives/edgar/data/1899883/000114036125006134/ef20044412_8k.htm,SPIN-OFF MENTION — PRIMARY REVIEW REQUIRED
0001104659-25-017821,0001611983,8-K,2025-02-27,,"Liberty Broadband Corp  (LBRDA, LBRDB, LBRDK, LBRDP)  (CIK 0001611983)",EXHIBIT 99.1,5.07;7.01;9.01,https://www.sec.gov/Archives/edgar/data/1611983/000110465925017821/R1.htm,UNRELATED OR NOT CONFIRMED
0000070866-25-000008,0000070866,8-K,2025-02-27,,"NCR Voyix Corp  (VYX, NCRRP)  (CIK 0000070866)",EX-99.1,2.02;7.01;9.01,https://www.sec.gov/Archives/edgar/data/70866/000007086625000008/exhibit991-q42024earningsr.htm,SPIN-OFF MENTION — PRIMARY REVIEW REQUIRED
0000950170-25-028335,0000894315,8-K,2025-02-27,,SITE Centers Corp.  (SITC)  (CIK 0000894315),EX-99.1,2.02;9.01,https://www.sec.gov/Archives/edgar/data/894315/000095017025028335/R1.htm,UNRELATED OR NOT CONFIRMED
0001964738-25-000013,0001964738,8-K,2025-02-27,,Solventum Corp  (SOLV)  (CIK 0001964738),EX-99.1,2.02,https://www.sec.gov/Archives/edgar/data/1964738/000196473825000013/q42024-8kerexx991.htm,SPIN-OFF MENTION — PRIMARY REVIEW REQUIRED
0001964738-25-000015,0001964738,8-K,2025-02-27,,Solventum Corp  (SOLV)  (CIK 0001964738),8-K,1.01;9.01,https://www.sec.gov/Archives/edgar/data/1964738/000196473825000015/R1.htm,UNRELATED OR NOT CONFIRMED
0001493152-25-008471,0001712762,8-K,2025-02-27,,"bioAffinity Technologies, Inc.  (BIAF, BIAFW)  (CIK 0001712762)",,1.01;3.02;3.03;8.01;9.01,https://www.sec.gov/Archives/edgar/data/1712762/000149315225008471/ex10-1.htm,UNRELATED OR NOT CONFIRMED
0001140361-25-006351,0002035989,10-12B,2025-02-28,,Amrize Ltd  (AMRZ)  (CIK 0002035989),EXHIBIT 21.1,,https://www.sec.gov/Archives/edgar/data/2035989/000114036125006351/ny20033749x8_1012b.htm,SPIN-OFF MENTION — PRIMARY REVIEW REQUIRED
0001104659-25-018639,0001823144,8-K,2025-02-28,,"CompoSecure, Inc.  (CMPO, CMPOV, CMPOW)  (CIK 0001823144)",FORM 8-K,8.01;9.01,https://www.sec.gov/Archives/edgar/data/1823144/000110465925018639/R1.htm,UNRELATED OR NOT CONFIRMED
0001611983-25-000007,0001611983,8-K,2025-02-28,,"Liberty Broadband Corp  (LBRDA, LBRDB, LBRDK, LBRDP)  (CIK 0001611983)",EX-99.1,2.02;9.01,https://www.sec.gov/Archives/edgar/data/1611983/000161198325000007/lbrda-20250227x8k.htm,UNRELATED OR NOT CONFIRMED
0000950142-25-000558,0002039497,8-K,2025-02-28,,"Resolute Holdings Management, Inc.  (RHLD, RHLDV)  (CIK 0002039497)",EXHIBIT 10.3,1.01;5.01;5.02;9.01,https://www.sec.gov/Archives/edgar/data/2039497/000095014225000558/eh250596666_8k.htm,LIKELY SPIN-OFF — PRIMARY REVIEW REQUIRED
0000950142-25-000550,0002039497,8-K,2025-02-28,,"Resolute Holdings Management, Inc.  (RHLD, RHLDV)  (CIK 0002039497)",FORM 8-K,8.01;9.01,https://www.sec.gov/Archives/edgar/data/2039497/000095014225000550/eh250596652_8k.htm,SPIN-OFF MENTION — PRIMARY REVIEW REQUIRED
0001193125-25-043544,0001541157,8-K,2025-03-03,,Akari Therapeutics Plc  (AKTX)  (CIK 0001541157),EX-4.2,1.01;3.02;9.01,https://www.sec.gov/Archives/edgar/data/1541157/000119312525043544/d803084d8k.htm,UNRELATED OR NOT CONFIRMED
0001104659-25-019352,0001823144,8-K,2025-03-03,,"CompoSecure, Inc.  (CMPO, CMPOV, CMPOW)  (CIK 0001823144)",FORM 8-K,8.01,https://www.sec.gov/Archives/edgar/data/1823144/000110465925019352/R1.htm,UNRELATED OR NOT CONFIRMED
0001550913-25-000046,0001550913,8-K,2025-03-03,,"MacKenzie Realty Capital, Inc.  (MKZR)  (CIK 0001550913)",FORM OF PRE-FUNDED WARRANT,1.01;3.02;7.01;9.01,https://www.sec.gov/Archives/edgar/data/1550913/000155091325000046/exhbit51b.htm,UNRELATED OR NOT CONFIRMED
0001834488-25-000039,0001834488,8-K,2025-03-03,,"N-able, Inc.  (NABL)  (CIK 0001834488)",EX-99.1,2.02;9.01,https://www.sec.gov/Archives/edgar/data/1834488/000183448825000039/nabl-20241231x8kxex991.htm,SPIN-OFF MENTION — PRIMARY REVIEW REQUIRED
0001974138-25-000014,0001974138,8-K,2025-03-03,,NCR Atleos Corp  (NATL)  (CIK 0001974138),EX-99.2,2.02;7.01;9.01,https://www.sec.gov/Archives/edgar/data/1974138/000197413825000014/ex-991ncratleosq42024earni.htm,SPIN-OFF MENTION — PRIMARY REVIEW REQUIRED
0001041803-25-000014,0001041803,8-K,2025-03-03,,PRICESMART INC  (PSMT)  (CIK 0001041803),EX-99.1,5.02;7.01;9.01,https://www.sec.gov/Archives/edgar/data/1041803/000104180325000014/ceosuccessionpressreleasev.htm,SPIN-OFF MENTION — PRIMARY REVIEW REQUIRED
0001213900-25-020254,0001464790,8-K,2025-03-04,,"B. Riley Financial, Inc.  (RILY, RILYG, RILYK, RILYL, RILYM, RILYN, RILYP, RILYT, RILYZ)  (CIK 0001464790)","FORM OF WARRANT, DATED FEBRUARY 26, 2025, ISSUED BY B. RILEY FINANCIAL, INC. TO RPVOF BROKER CTB, LLC, OPIF BROKER HOLDINGS, L.P., OAKTREE-COPLEY INVESTMENTS, LLC, OPPS XII BROKER E HOLDINGS, L.P. AND OCM SSF III BROKER DEBT HOLDINGS, L.P",1.01;2.03;3.02;9.01,https://www.sec.gov/Archives/edgar/data/1464790/000121390025020254/ea0232942-8k_briley.htm,UNRELATED OR NOT CONFIRMED
0001628280-25-009942,0001843724,8-K,2025-03-04,,"LanzaTech Global, Inc.  (LNZA, LNZAW)  (CIK 0001843724)",8-K,7.01;9.01,https://www.sec.gov/Archives/edgar/data/1843724/000162828025009942/amci-20250304.htm,SPIN-OFF MENTION — PRIMARY REVIEW REQUIRED
0001437749-25-006011,0000071557,8-K,2025-03-04,,"Nuvera Communications, Inc.  (NUVR)  (CIK 0000071557)",EXHIBIT 10.1,5.02;9.01,https://www.sec.gov/Archives/edgar/data/71557/000143774925006011/ex_784983.htm,SPIN-OFF MENTION — PRIMARY REVIEW REQUIRED
0001193125-25-045628,0001858848,8-K,2025-03-04,,"Tenaya Therapeutics, Inc.  (TNYA)  (CIK 0001858848)",EX-4.1,1.01;7.01;8.01;9.01,https://www.sec.gov/Archives/edgar/data/1858848/000119312525045628/d878268d8k.htm,UNRELATED OR NOT CONFIRMED
0001104659-25-020293,0001166003,8-K,2025-03-04,,"XPO, Inc.  (XPO)  (CIK 0001166003)",EXHIBIT 99.1,7.01;9.01,https://www.sec.gov/Archives/edgar/data/1166003/000110465925020293/R1.htm,UNRELATED OR NOT CONFIRMED
0001101215-25-000050,0001101215,8-K,2025-03-05,,"BREAD FINANCIAL HOLDINGS, INC.  (BFH)  (CIK 0001101215)",EX-99.2,7.01;8.01;9.01,https://www.sec.gov/Archives/edgar/data/1101215/000110121525000050/bfh-20250305.htm,UNRELATED OR NOT CONFIRMED
0001493152-25-009213,0001530766,8-K,2025-03-05,,"BioSig Technologies, Inc.  (BSGM)  (CIK 0001530766)",,1.01;8.01;9.01,https://www.sec.gov/Archives/edgar/data/1530766/000149315225009213/ex10-1.htm,SPIN-OFF MENTION — PRIMARY REVIEW REQUIRED
0000950142-25-000636,0001823144,8-K,2025-03-05,,"CompoSecure, Inc.  (CMPO, CMPOV, CMPOW)  (CIK 0001823144)",EXHIBIT 99.1,1.01;2.01;5.02;9.01,https://www.sec.gov/Archives/edgar/data/1823144/000095014225000636/eh250596910_8k.htm,LIKELY SPIN-OFF — PRIMARY REVIEW REQUIRED
0001104659-25-020871,0001823144,8-K,2025-03-05,,"CompoSecure, Inc.  (CMPO, CMPOV, CMPOW)  (CIK 0001823144)",EXHIBIT 99.1,2.02;9.01,https://www.sec.gov/Archives/edgar/data/1823144/000110465925020871/R1.htm,UNRELATED OR NOT CONFIRMED
0001101215-25-000052,0001101215,8-K,2025-03-06,,"BREAD FINANCIAL HOLDINGS, INC.  (BFH)  (CIK 0001101215)",EX-99.1,1.01;8.01;9.01,https://www.sec.gov/Archives/edgar/data/1101215/000110121525000052/bfh-20250305.htm,UNRELATED OR NOT CONFIRMED
0001437749-25-006463,0001120970,8-K,2025-03-06,,Comstock Inc.  (LODE)  (CIK 0001120970),EXHIBIT 99.1,2.02;9.01,https://www.sec.gov/Archives/edgar/data/1120970/000143774925006463/ex_786451.htm,SPIN-OFF MENTION — PRIMARY REVIEW REQUIRED
0001654954-25-002385,0000034956,8-K,2025-03-06,,"TENAX THERAPEUTICS, INC.  (TENX)  (CIK 0000034956)",FORM OF PRE-FUNDED WARRANT TO PURCHASE COMMON STOCK,1.01;3.02;8.01;9.01,https://www.sec.gov/Archives/edgar/data/34956/000165495425002385/R1.htm,UNRELATED OR NOT CONFIRMED
0001193125-25-049998,0001350653,8-K,2025-03-07,,"Alphatec Holdings, Inc.  (ATEC)  (CIK 0001350653)",EX-4.1,1.01;2.03;3.02;9.01,https://www.sec.gov/Archives/edgar/data/1350653/000119312525049998/d890647d8k.htm,UNRELATED OR NOT CONFIRMED
0002011286-25-000094,0002011286,8-K,2025-03-07,,"Amentum Holdings, Inc.  (AMTM)  (CIK 0002011286)",EX-99.1,8.01;9.01,https://www.sec.gov/Archives/edgar/data/2011286/000201128625000094/amtm-20250307.htm,UNRELATED OR NOT CONFIRMED
0001140361-25-007608,0001404912,8-K,2025-03-07,,"KKR & Co. Inc.  (KKR, KKRS)  (CIK 0001404912)",EXHIBIT 3.1,3.03;5.03;8.01;9.01,https://www.sec.gov/Archives/edgar/data/1404912/000114036125007608/ny20042797x5_8k.htm,UNRELATED OR NOT CONFIRMED
0001829126-25-001573,0001499961,8-K,2025-03-07,,MULLEN AUTOMOTIVE INC.  (MULN)  (CIK 0001499961),EXHIBIT 10.1(A),1.01;2.03;3.02;8.01;9.01,https://www.sec.gov/Archives/edgar/data/1499961/000182912625001573/mullenautomotive_8k.htm,UNRELATED OR NOT CONFIRMED
0001493152-25-009571,0001859007,8-K,2025-03-07,,"ZyVersa Therapeutics, Inc.  (ZVSA)  (CIK 0001859007)",,1.01;3.02;5.07;5.08;8.01;9.01,https://www.sec.gov/Archives/edgar/data/1859007/000149315225009571/ex10-1.htm,SPIN-OFF MENTION — PRIMARY REVIEW REQUIRED
0001104659-25-021974,0001705110,8-K,2025-03-10,,Angi Inc.  (ANGI)  (CIK 0001705110),FORM 8-K,8.01,https://www.sec.gov/Archives/edgar/data/1705110/000110465925021974/R1.htm,UNRELATED OR NOT CONFIRMED
0001104659-25-021981,0001083446,8-K,2025-03-10,,"Astrana Health, Inc.  (ASTH)  (CIK 0001083446)",EXHIBIT 99.1,7.01;9.01,https://www.sec.gov/Archives/edgar/data/1083446/000110465925021981/R1.htm,UNRELATED OR NOT CONFIRMED
0001101215-25-000054,0001101215,8-K,2025-03-10,,"BREAD FINANCIAL HOLDINGS, INC.  (BFH)  (CIK 0001101215)",8-K,1.01;2.03;9.01,https://www.sec.gov/Archives/edgar/data/1101215/000110121525000054/bfh-20250310.htm,SPIN-OFF MENTION — PRIMARY REVIEW REQUIRED
0001193125-25-050884,0001828161,8-K,2025-03-10,,"FTC Solar, Inc.  (FTCI)  (CIK 0001828161)",EX-10.1,1.01;9.01,https://www.sec.gov/Archives/edgar/data/1828161/000119312525050884/d940301d8k.htm,UNRELATED OR NOT CONFIRMED
0001104659-25-021977,0001800227,8-K,2025-03-10,,IAC Inc.  (IAC)  (CIK 0001800227),FORM 8-K,8.01,https://www.sec.gov/Archives/edgar/data/1800227/000110465925021977/R1.htm,UNRELATED OR NOT CONFIRMED
0001213900-25-022205,0001992243,8-K/A,2025-03-10,,"T1 Energy Inc.  (TE, FREY, TE-WT, FREY-WT)  (CIK 0001992243)","UNAUDITED INTERIM FINANCIAL STATEMENTS OF THE TARGET AS OF AND FOR THE NINE MONTHS ENDED SEPTEMBER 30, 2024 AND 2023",9.01,https://www.sec.gov/Archives/edgar/data/1992243/000121390025022205/ea0233228-8ka1_t1energy.htm,UNRELATED OR NOT CONFIRMED
0001411342-25-000023,0001411342,8-K,2025-03-11,,"Ellington Financial Inc.  (EFC, EFC-PA, EFC-PB, EFC-PC, EFC-PD)  (CIK 0001411342)",8-K,1.01;9.01,https://www.sec.gov/Archives/edgar/data/1411342/000141134225000023/efc-20250311.htm,SPIN-OFF MENTION — PRIMARY REVIEW REQUIRED
0001834488-25-000059,0001834488,8-K,2025-03-12,,"N-able, Inc.  (NABL)  (CIK 0001834488)",EX-99.1,8.01;9.01,https://www.sec.gov/Archives/edgar/data/1834488/000183448825000059/nabl-20250311.htm,UNRELATED OR NOT CONFIRMED
0000950170-25-037897,0001442236,8-K,2025-03-12,,Quest Resource Holding Corp  (QRHC)  (CIK 0001442236),EX-99.1,2.02;5.02;8.01;9.01,https://www.sec.gov/Archives/edgar/data/1442236/000095017025037897/qrhc-20250310.htm,UNRELATED OR NOT CONFIRMED
0001493152-25-010087,0001514056,8-K,2025-03-12,,Titan Environmental Solutions Inc.  (TESI)  (CIK 0001514056),,1.01;3.02;5.03;9.01,https://www.sec.gov/Archives/edgar/data/1514056/000149315225010087/ex10-1.htm,UNRELATED OR NOT CONFIRMED
0001529274-25-000040,0001529274,8-K,2025-03-13,,"ALKAMI TECHNOLOGY, INC.  (ALKT)  (CIK 0001529274)",EX-4.1,1.01;2.03;3.02;8.01;9.01,https://www.sec.gov/Archives/edgar/data/1529274/000152927425000040/alk-20250310.htm,UNRELATED OR NOT CONFIRMED
0001822523-25-000004,0001822523,8-K,2025-03-13,,Advanced Flower Capital Inc.  (AFCG)  (CIK 0001822523),EX-99.1,2.02;9.01,https://www.sec.gov/Archives/edgar/data/1822523/000182252325000004/afcg-20250313.htm,UNRELATED OR NOT CONFIRMED
0001493152-25-010095,0001172178,8-K,2025-03-13,,LIBERTY STAR URANIUM & METALS CORP.  (LBSR)  (CIK 0001172178),,1.01;2.03;9.01,https://www.sec.gov/Archives/edgar/data/1172178/000149315225010095/ex3-55.htm,LIKELY SPIN-OFF — PRIMARY REVIEW REQUIRED
0001834488-25-000063,0001834488,8-K,2025-03-13,,"N-able, Inc.  (NABL)  (CIK 0001834488)",EX-99.1,7.01;9.01,https://www.sec.gov/Archives/edgar/data/1834488/000183448825000063/n-able2025investordaypre.htm,SPIN-OFF MENTION — PRIMARY REVIEW REQUIRED
0001753926-25-000438,0001266806,8-K,2025-03-13,,"Vivani Medical, Inc.  (VANI)  (CIK 0001266806)",EXHIBIT 99.2,2.02;7.01;8.01;9.01,https://www.sec.gov/Archives/edgar/data/1266806/000175392625000438/ex991_1.htm,SPIN-OFF MENTION — PRIMARY REVIEW REQUIRED
0000950170-25-038769,0001876588,8-K,2025-03-13,,ZimVie Inc.  (ZIMV)  (CIK 0001876588),EX-99.PRESS,5.02;7.01;9.01,https://www.sec.gov/Archives/edgar/data/1876588/000095017025038769/R1.htm,UNRELATED OR NOT CONFIRMED
0001104659-25-023741,0001083446,8-K/A,2025-03-14,,"Astrana Health, Inc.  (ASTH)  (CIK 0001083446)",EXHIBIT 99.2,2.02;9.01,https://www.sec.gov/Archives/edgar/data/1083446/000110465925023741/R1.htm,UNRELATED OR NOT CONFIRMED
0001193125-25-055662,0001580808,8-K,2025-03-17,,"A10 Networks, Inc.  (ATEN)  (CIK 0001580808)",EX-4.1,1.01;2.03;3.02;8.01;9.01,https://www.sec.gov/Archives/edgar/data/1580808/000119312525055662/d903635d8k.htm,UNRELATED OR NOT CONFIRMED
0001101215-25-000062,0001101215,8-K,2025-03-17,,"BREAD FINANCIAL HOLDINGS, INC.  (BFH)  (CIK 0001101215)",EX-99.1,7.01;9.01,https://www.sec.gov/Archives/edgar/data/1101215/000110121525000062/bfh-20250317.htm,UNRELATED OR NOT CONFIRMED
0000950170-25-040491,0001650132,8-K,2025-03-17,,"Four Corners Property Trust, Inc.  (FCPT)  (CIK 0001650132)",EX-99.1,7.01;9.01,https://www.sec.gov/Archives/edgar/data/1650132/000095017025040491/fcpt-20250317.htm,UNRELATED OR NOT CONFIRMED
0002007919-25-000020,0002007919,8-K,2025-03-17,,"Inhibrx Biosciences, Inc.  (INBX)  (CIK 0002007919)",EX-99.1,2.02;9.01,https://www.sec.gov/Archives/edgar/data/2007919/000200791925000020/exhibit99112312024.htm,SPIN-OFF MENTION — PRIMARY REVIEW REQUIRED
0001193125-25-055699,0002017206,8-K,2025-03-17,,"Millrose Properties, Inc.  (MRP)  (CIK 0002017206)",EX-99.1,7.01;8.01;9.01,https://www.sec.gov/Archives/edgar/data/2017206/000119312525055699/d903669d8k.htm,UNRELATED OR NOT CONFIRMED
0000950170-25-040231,0001816017,8-K,2025-03-17,,"Spire Global, Inc.  (SPIR)  (CIK 0001816017)",EX-4.1,1.01;3.02;7.01;9.01,https://www.sec.gov/Archives/edgar/data/1816017/000095017025040231/R1.htm,UNRELATED OR NOT CONFIRMED
0001104659-25-025028,0001800227,8-K,2025-03-18,,IAC Inc.  (IAC)  (CIK 0001800227),FORM 8-K,5.04;9.01,https://www.sec.gov/Archives/edgar/data/1800227/000110465925025028/R1.htm,UNRELATED OR NOT CONFIRMED
0001104659-25-025101,0001679049,8-K,2025-03-18,,"International Seaways, Inc.  (INSW)  (CIK 0001679049)",EXHIBIT 10.3,5.02;9.01,https://www.sec.gov/Archives/edgar/data/1679049/000110465925025101/R1.htm,UNRELATED OR NOT CONFIRMED
0001753926-25-000467,0001347242,8-K,2025-03-18,,LIPELLA PHARMACEUTICALS INC.  (LIPO)  (CIK 0001347242),EXHIBIT 4.2,1.01;3.02;9.01,https://www.sec.gov/Archives/edgar/data/1347242/000175392625000467/g084733_8k.htm,UNRELATED OR NOT CONFIRMED
0001733998-25-000078,0001733998,8-K,2025-03-18,,Northwest Natural Holding Co  (NWN)  (CIK 0001733998),EX-4.(C),8.01;9.01,https://www.sec.gov/Archives/edgar/data/1733998/000173399825000078/ex1underwritingagreement.htm,SPIN-OFF MENTION — PRIMARY REVIEW REQUIRED
0000950103-25-003639,0001166691,8-K,2025-03-19,,"COMCAST CORP  (CCZ, CMCSA)  (CIK 0001166691)",FORM 8-K,5.02;9.01,https://www.sec.gov/Archives/edgar/data/1166691/000095010325003639/dp226495_8k.htm,SPIN-OFF MENTION — PRIMARY REVIEW REQUIRED
0001193125-25-058093,0001580808,8-K/A,2025-03-20,,"A10 Networks, Inc.  (ATEN)  (CIK 0001580808)",EX-4.1,1.01;2.03;3.02;8.01;9.01,https://www.sec.gov/Archives/edgar/data/1580808/000119312525058093/d828154d8ka.htm,UNRELATED OR NOT CONFIRMED
0000950170-25-042661,0001048911,8-K,2025-03-20,,FEDEX CORP  (FDX)  (CIK 0001048911),EX-99.1,2.02;9.01,https://www.sec.gov/Archives/edgar/data/1048911/000095017025042661/fdx-20250320.htm,UNRELATED OR NOT CONFIRMED
0001628280-25-014148,0000920760,8-K,2025-03-20,,"LENNAR CORP /NEW/  (LEN, LEN-B)  (CIK 0000920760)",EX-99.1,2.02;9.01,https://www.sec.gov/Archives/edgar/data/920760/000162828025014148/ex991-2025228x8kq1.htm,SPIN-OFF MENTION — PRIMARY REVIEW REQUIRED
0001104659-25-026632,0000883902,8-K,2025-03-21,,"Cornerstone Building Brands, Inc.  (CIK 0000883902)",FORM 8-K,5.02,https://www.sec.gov/Archives/edgar/data/883902/000110465925026632/R1.htm,UNRELATED OR NOT CONFIRMED
0001437749-25-008666,0001460329,8-K,2025-03-21,,"Fluent, Inc.  (FLNT)  (CIK 0001460329)",EXHIBIT 4.1,1.01;3.02;9.01,https://www.sec.gov/Archives/edgar/data/1460329/000143774925008666/ex_792735.htm,LIKELY SPIN-OFF — PRIMARY REVIEW REQUIRED
0001140361-25-009817,0001781162,8-K,2025-03-21,,"Momentus Inc.  (MNTS, MNTSW)  (CIK 0001781162)",EXHIBIT 4.1,1.01;9.01,https://www.sec.gov/Archives/edgar/data/1781162/000114036125009817/ef20045953_8k.htm,UNRELATED OR NOT CONFIRMED
0001641172-25-000330,0001780312,8-K,2025-03-24,,"AST SpaceMobile, Inc.  (ASTS)  (CIK 0001780312)",,1.01;3.02;9.01,https://www.sec.gov/Archives/edgar/data/1780312/000164117225000330/ex10-1.htm,UNRELATED OR NOT CONFIRMED
0001641172-25-000309,0001705012,8-K,2025-03-24,,"Fat Brands, Inc  (FAT, FATBB, FATBP, FATBW)  (CIK 0001705012)",,5.02,https://www.sec.gov/Archives/edgar/data/1705012/000164117225000309/form8-k.htm,LIKELY SPIN-OFF — PRIMARY REVIEW REQUIRED
0001641172-25-000369,0001162896,8-K,2025-03-24,,Prairie Operating Co.  (PROP)  (CIK 0001162896),,8.01;9.01,https://www.sec.gov/Archives/edgar/data/1162896/000164117225000369/ex99-1.htm,LIKELY SPIN-OFF — PRIMARY REVIEW REQUIRED
0001437749-25-009051,0001378590,8-K,2025-03-25,,"Bridgeline Digital, Inc.  (BLIN)  (CIK 0001378590)",EXHIBIT 4.1,1.01;3.02;8.01;9.01,https://www.sec.gov/Archives/edgar/data/1378590/000143774925009051/blin20250324_8k.htm,UNRELATED OR NOT CONFIRMED
0001437749-25-009141,0000832489,8-K,2025-03-25,,"GeoVax Labs, Inc.  (GOVX, GOVXW)  (CIK 0000832489)",EXHIBIT 4.1,1.01;7.01;9.01,https://www.sec.gov/Archives/edgar/data/832489/000143774925009141/ex_793773.htm,LIKELY SPIN-OFF — PRIMARY REVIEW REQUIRED
0001193125-25-063235,0001808898,8-K,2025-03-26,,Benitec Biopharma Inc.  (BNTC)  (CIK 0001808898),EX-4.1,1.01;8.01;9.01,https://www.sec.gov/Archives/edgar/data/1808898/000119312525063235/d931233d8k.htm,UNRELATED OR NOT CONFIRMED
0001013762-25-002507,0001939365,8-K,2025-03-26,,"INSPIRE VETERINARY PARTNERS, INC.  (IVP)  (CIK 0001939365)",FORM OF SERIES B WARRANT,1.01;7.01;9.01,https://www.sec.gov/Archives/edgar/data/1939365/000101376225002507/ea0235564-8k_inspire.htm,UNRELATED OR NOT CONFIRMED
0001641172-25-000762,0001162896,8-K,2025-03-26,,Prairie Operating Co.  (PROP)  (CIK 0001162896),,1.01;5.03;9.01,https://www.sec.gov/Archives/edgar/data/1162896/000164117225000762/ex1-1.htm,SPIN-OFF MENTION — PRIMARY REVIEW REQUIRED
0001013762-25-002818,0001833498,8-K,2025-03-26,,"Spectral AI, Inc.  (MDAI, MDAIW)  (CIK 0001833498)",FORM OF WARRANT,1.01;2.03;3.02;7.01;9.01,https://www.sec.gov/Archives/edgar/data/1833498/000101376225002818/ea0235766-8k_spectral.htm,UNRELATED OR NOT CONFIRMED
0001753926-25-000488,0001266806,8-K,2025-03-26,,"Vivani Medical, Inc.  (VANI)  (CIK 0001266806)",EXHIBIT 99.1,8.01;9.01,https://www.sec.gov/Archives/edgar/data/1266806/000175392625000488/ex991_1.htm,SPIN-OFF MENTION — PRIMARY REVIEW REQUIRED
0001193125-25-064250,0000004904,8-K,2025-03-27,,AMERICAN ELECTRIC POWER CO INC  (AEP)  (CIK 0000004904),8-K,1.01;8.01;9.01,https://www.sec.gov/Archives/edgar/data/4904/000119312525064250/d942413d8k.htm,SPIN-OFF MENTION — PRIMARY REVIEW REQUIRED
0001104659-25-028779,0000935703,8-K,2025-03-27,,"DOLLAR TREE, INC.  (DLTR)  (CIK 0000935703)",FORM 8-K,1.01;1.02;2.03,https://www.sec.gov/Archives/edgar/data/935703/000110465925028779/R1.htm,UNRELATED OR NOT CONFIRMED
0001437749-25-009638,0001902314,8-K,2025-03-27,,"M-tron Industries, Inc.  (MPTI)  (CIK 0001902314)",EXHIBIT 99.1,2.02;7.01;9.01,https://www.sec.gov/Archives/edgar/data/1902314/000143774925009638/ex_717151.htm,LIKELY SPIN-OFF — PRIMARY REVIEW REQUIRED
0001641172-25-000946,0000064463,8-K,2025-03-27,,"Soluna Holdings, Inc  (SLNH, SLNHP)  (CIK 0000064463)",,1.01;2.03;3.02;9.01,https://www.sec.gov/Archives/edgar/data/64463/000164117225000946/ex10-1.htm,LIKELY SPIN-OFF — PRIMARY REVIEW REQUIRED
0001013762-25-003341,0001560293,8-K,2025-03-27,,"Tenon Medical, Inc.  (TNON, TNONW)  (CIK 0001560293)",FORM OF PRE-FUNDED WARRANT,1.01;3.02;8.01;9.01,https://www.sec.gov/Archives/edgar/data/1560293/000101376225003341/ea0235831-8k_tenon.htm,UNRELATED OR NOT CONFIRMED
0001753926-25-000495,0001266806,8-K,2025-03-27,,"Vivani Medical, Inc.  (VANI)  (CIK 0001266806)",EXHIBIT 99.1,1.01;3.02;8.01;9.01,https://www.sec.gov/Archives/edgar/data/1266806/000175392625000495/ex101_1.htm,SPIN-OFF MENTION — PRIMARY REVIEW REQUIRED
0001104659-25-028447,0001166003,8-K,2025-03-27,,"XPO, Inc.  (XPO)  (CIK 0001166003)",FORM 8-K,8.01,https://www.sec.gov/Archives/edgar/data/1166003/000110465925028447/R1.htm,UNRELATED OR NOT CONFIRMED
0001104659-25-029063,0001800227,8-K,2025-03-28,,"IAC Inc.  (IAC, IACVV)  (CIK 0001800227)",FORM 8-K,7.01,https://www.sec.gov/Archives/edgar/data/1800227/000110465925029063/R1.htm,UNRELATED OR NOT CONFIRMED
0000950170-25-046769,0001824893,8-K,2025-03-28,,"Surrozen, Inc./DE  (SRZN, SRZNW)  (CIK 0001824893)",EX-10.2,1.01;3.02;5.02;9.01,https://www.sec.gov/Archives/edgar/data/1824893/000095017025046769/R1.htm,UNRELATED OR NOT CONFIRMED
0001013762-25-004228,0001560293,8-K,2025-03-28,,"Tenon Medical, Inc.  (TNON, TNONW)  (CIK 0001560293)",FORM OF PRE-FUNDED WARRANT,1.01;3.02;8.01;9.01,https://www.sec.gov/Archives/edgar/data/1560293/000101376225004228/ea0236016-8k_tenon.htm,UNRELATED OR NOT CONFIRMED
0001193125-25-067691,0001701605,8-K,2025-03-31,,Baker Hughes Co  (BKR)  (CIK 0001701605),8-K,5.02;9.01,https://www.sec.gov/Archives/edgar/data/1701605/000119312525067691/d907259d8k.htm,SPIN-OFF MENTION — PRIMARY REVIEW REQUIRED
0001193125-25-068727,0001613780,8-K,2025-03-31,,DBV Technologies S.A.  (DBVT)  (CIK 0001613780),EX-10.1,1.01;3.02;7.01;9.01,https://www.sec.gov/Archives/edgar/data/1613780/000119312525068727/d944342d8k.htm,UNRELATED OR NOT CONFIRMED
0001641172-25-001751,0001716947,8-K,2025-03-31,,"Ensysce Biosciences, Inc.  (ENSC, ENSCW)  (CIK 0001716947)",,1.01;3.02;8.01;9.01,https://www.sec.gov/Archives/edgar/data/1716947/000164117225001751/ex10-1.htm,SPIN-OFF MENTION — PRIMARY REVIEW REQUIRED
0001193125-25-067859,0000887936,8-K,2025-03-31,,"FTI CONSULTING, INC  (FCN)  (CIK 0000887936)",EX-99.1,5.02;7.01;9.01,https://www.sec.gov/Archives/edgar/data/887936/000119312525067859/d922570d8k.htm,UNRELATED OR NOT CONFIRMED
0001140361-25-011158,0001653477,8-K,2025-03-31,,Ingevity Corp  (NGVT)  (CIK 0001653477),EXHIBIT 10.1,1.01;9.01,https://www.sec.gov/Archives/edgar/data/1653477/000114036125011158/ef20046464_8k.htm,UNRELATED OR NOT CONFIRMED
0001193125-25-068740,0001840780,8-K,2025-03-31,,"Local Bounti Corporation/DE  (LOCL, LOCLW)  (CIK 0001840780)",EX-4.1,1.01;1.02;3.02;5.02;5.03;9.01,https://www.sec.gov/Archives/edgar/data/1840780/000119312525068740/d854627d8k.htm,UNRELATED OR NOT CONFIRMED
0001641172-25-001805,0001760903,8-K,2025-03-31,,"Safety Shot, Inc.  (SHOT, SHOTW)  (CIK 0001760903)",,7.01;9.01,https://www.sec.gov/Archives/edgar/data/1760903/000164117225001805/ex99-1.htm,SPIN-OFF MENTION — PRIMARY REVIEW REQUIRED
0001753926-25-000526,0001266806,8-K,2025-03-31,,"Vivani Medical, Inc.  (VANI)  (CIK 0001266806)",EXHIBIT 99.1,2.02;7.01;9.01,https://www.sec.gov/Archives/edgar/data/1266806/000175392625000526/ex991_1.htm,SPIN-OFF MENTION — PRIMARY REVIEW REQUIRED
