company,cik,form,filing_date,document_url,snippet,review_status
Lifeward Ltd.  (LFWD)  (CIK 0001607962),0001607962,8-K/A,2025-01-08,https://www.sec.gov/Archives/edgar/data/1607962/000117891325000072/exhibit_4-1.htm,"160;&#160;&#160;&#160;&#160;&#160;&#160; Share Dividends and Splits . If the Company, at any time while this Warrant is outstanding: (i) pays a share dividend or otherwise makes a distribution or distributions on its Ordinary Shares or any other equity or equity equivalent securities payable in Ordinary Shares (which, for avoidance of doubt, shall not include any Ordinary Shares issued by the Company upon exe || such that the aggregate Exercise Price of this Warrant shall remain unchanged.&#160; Any adjustment made pursuant to this Section 3(a) shall become effective immediately after the record date for the determination of shareholders entitled to receive such dividend or distribution and shall become effective immediately after the effective date in the case of a subdivision, combination or re&#8209;classificatio ||  as its right thereto would not result in the Holder exceeding the Beneficial Ownership Limitation). &#160; c)&#160;&#160;&#160;&#160;&#160;&#160;&#160;&#160;&#160;&#160; Pro Rata Distributions .&#160; During such time as this Warrant is outstanding, if the Company shall declare or make any dividend or other distribution of its assets (or rights to acquire its assets) to holders of Ordinary Shares, by way of  || return of capital or otherwise (including, without limitation, any distribution of cash, shares or other securities, property or options by way of a dividend, spin off, reclassification, corporate rearrangement, scheme of arrangement or other similar transaction) (a &#8220; Distribution &#8221;), at any time after the issuance of this Warrant, then, in each such case, the Holder shall ||  be entitled to participate in such Distribution to the same extent that the Holder would have participated therein if the Holder had held the number of Ordinary Shares acquirable upon complete exercise of this Warrant (without regard to any limitations on exercise he || reof, including without limitation, the Beneficial Ownership Limitation) immediately before the date of which a record is taken for such Distribution, or, if no such record is taken, the date as of which the record holders of Ordinary Shares are to be determined for the participation in such Distribution ( provided , however , that to the extent that the Holder's rig || ht to participate in any such Distribution would result in the Holder exceeding the Beneficial Ownership Limitation, then the Holder shall not be entitled to participate in such Distribution to such extent (or in the beneficial ownership of any Ordinary Shares as a result of such Distribution to such extent) and the portion of such Distribution shall be held in abeyance for the benefit of the Holder until s || ectly, in one or more related transactions consummates a share purchase agreement or other business combination (including, without limitation, a reorganization, recapitalization, spin-off, merger or scheme of arrangement) with another Person or group of Persons whereby such other Person or group acquires 50% or more of the outstanding Ordinary Shares or 50% or more of the voting power of the common equit",PRIMARY REVIEW REQUIRED
"Fat Brands, Inc  (FAT, FATBB, FATBP, FATBW)  (CIK 0001705012)",0001705012,8-K,2025-01-17,https://www.sec.gov/Archives/edgar/data/1705012/000149315225002733/ex99-1.htm," EX-99.1 2 ex99-1.htm &nbsp; Exhibit 99.1 &nbsp; &nbsp; FAT Brands Announces Record and Distribution Dates for Special Stock Dividend in connection with Twin Hospitality Spin-Off &nbsp; Twin Hospitality to Commence Trading as Standalone Public Company &nbsp; LOS ANGELES (January 16, 2025) &ndash; FAT (Fresh. Authentic. Tasty.) Brands Inc. (NASDAQ: FAT), a leading global franchising company and p || arent company of 18 iconic brands, is pleased to announce that its Board of Directors has approved the distribution of a special stock dividend to FAT Brands&rsquo; common stockholders of shares of Class A Common Stock (&ldquo; Twin Common Stock &rdquo;) of Twin Hospitality Group Inc. (&ldquo; Twin Hospitality &rdquo;), the operating || the fully diluted shares of Class A Common Stock of Twin Hospitality, and the remaining shares of Twin Hospitality will continue to be held by FAT Brands immediately following the distribution. &nbsp; The distribution of shares of Twin Common Stock will be made on a pro rata basis to all holders of FAT Brands&rsquo; Class A Common Stock and Class B Common Stock as of the close of trading on January 27, 2025 ( || the &ldquo; record date &rdquo;). The distribution will take the form of a special dividend of 0.1520207 share of Twin Common Stock distributed with respect to each one share of FAT Brands Class A Common Stock and Class B Common Stock outstanding as of the record date.  || The shares of Twin Common Stock are expected to be delivered after the close of trading on January 29, 2025 (the &ldquo;distribution date &rdquo;), subject to the satisfaction or waiver of certain conditions, and commence trading on the Nasdaq Global Market under the symbol &ldquo;TWNP&rdquo; on the next trading day. &nbsp; No fractional shares of Tw || ho would otherwise be entitled to receive a fractional share of Twin Common Stock. &nbsp; Holders of FAT Brands&rsquo; outstanding Warrants (NASDAQ: FATBW) who wish to receive the distribution of Twin Common Stock are reminded to exercise their Warrants for Class A Common Stock in advance of the record date. Warrants that are not exercised prior to the record date will not receive the distribution of Twin Com || ave their exercise price adjusted downward under the warrant agency agreement. The current exercise price of the Warrants is $2.2142, which will be adjusted downward following the record date by an amount equal to the fair market value of the distributed shares of Twin Common Stock divided by the sum of all shares of Class A Common Stock outstanding on the record date plus the number of unexercised Warrants  || on the record date, but not below zero. &nbsp; No vote or action is required by the FAT Brands common stockholders to receive the special stock dividend of Twin Common Stock, which will be issued in book-entry form. The FAT Brands common ",PRIMARY REVIEW REQUIRED
Twin Hospitality Group Inc.  (TWNP)  (CIK 0002011954),0002011954,8-K,2025-01-17,https://www.sec.gov/Archives/edgar/data/2011954/000149315225002824/ex99-1.htm,"e refer to as &ldquo;FAT Brands Class B Common Stock&rdquo;), as the case may be, of FAT Brands Inc. (which we refer to as &ldquo;FAT Brands&rdquo;) in connection with the planned distribution (which we refer to as the &ldquo;Spin-Off&rdquo;) by FAT Brands to the FAT Brands Common Stockholders of approximately 5% of the fully-diluted shares of Class A Common Stock, par value $0.0001 per share (which we refer  || r &ldquo;Class A Common Stock&rdquo;) of Twin Hospitality Group Inc. (which we refer to as our &ldquo;Company&rdquo;), which shares are held by FAT Brands immediately prior to the Spin-Off. As of immediately prior to the time of the Spin-Off, FAT Brands will hold 47,298,271 shares of our Class A Common Stock, which is 100% of the outstanding shares of our Class A Common Stock. &nbsp; At the time of the Sp || hare of FAT Brands Class A Common Stock and each one share of FAT Brands Class B Common Stock, as the case may be, outstanding as of the close of business on January 27, 2025, the record date for the Spin-Off (which we refer to as the &ldquo;Record Date&rdquo;), will entitle the holder thereof to receive 0.1520207 share of our Class A Common Stock. The distribution of shares of our Class A Common Stock pursu || ant to the Spin-Off will be made in book-entry form by a distribution agent (which we refer to as the &ldquo;Distribution Agent&rdquo;). Fractional shares of our Class A Common Stock will not be distributed in the Spin-Off. &nbsp; The Spin-Off will be effective as of 4:30 p.m., New York City time, on January 29, 2025. &nbsp; The FAT Brands ||  Common Stockholders are not required to vote on or take any other action in connection with the Spin-Off. We are not asking you for a proxy, and we request that you do not send us a proxy. The FAT Brands Common Stockholders will not be required to pay any consideration for the shares of our Class A Common Stock that they r || eceive in the Spin-Off, and they will not be required to surrender or exchange their shares of FAT Brands Class A Common Stock or FAT Brands Class B Common Stock, as the case may be, or take any other action in connection with the Spin-Off. & || nbsp; Prior to the Spin Off, there has been no public market for our Class A Common Stock. Our Class A Common Stock has been approved for listing on the Nasdaq Global Market under the symbol &ldquo;TWNP&rdquo;. &nbsp; &nbsp; &nbsp; &nbsp; Immediat || ely following the Spin-Off, we will be an independent publicly traded reporting company. We will also be deemed to be an &ldquo;emerging growth company&rdquo; and a &ldquo;smaller reporting company&rdquo; under applicable U.S. federal securities ",PRIMARY REVIEW REQUIRED
"LENNAR CORP /NEW/  (LEN, LEN-B)  (CIK 0000920760)",0000920760,8-K,2025-01-21,https://www.sec.gov/Archives/edgar/data/920760/000119312525009205/d913968d8k.htm,"he Exchange Act&#8194; &#9744; &#160; &#160; &#160; Item&#8201;8.01. Other Events On January&#160;21, 2025, Lennar Corporation issued a press release reminding stockholders of the record date and commencement of the election period in connection with the previously announced taxable spin-off of Millrose Properties, Inc. A copy of the press release is filed as Exhibit 99.1 to this Current Report on Form 8-K a",PRIMARY REVIEW REQUIRED
"NRX Pharmaceuticals, Inc.  (NRXP, NRXPW)  (CIK 0001719406)",0001719406,8-K,2025-01-29,https://www.sec.gov/Archives/edgar/data/1719406/000143774925002160/ex_771257.htm,"ents . &nbsp; a)&nbsp;&nbsp;&nbsp;&nbsp; Stock Dividends and Splits . If the Company, at any time while this Warrant is outstanding: (i) pays a stock dividend or otherwise makes a distribution or distributions on shares of its Common Stock or any other equity or equity equivalent securities payable in shares of Common Stock (which, for avoidance of doubt, shall not include any shares of Common Stock issued by || usted such that the aggregate Exercise Price of this Warrant shall remain unchanged. Any adjustment made pursuant to this Section 3(a) shall become effective immediately after the record date for the determination of stockholders entitled to receive such dividend or distribution and shall become effective immediately after the effective date in the case of a subdivision, combination or re-classification. &nb || the Holder until such time, if ever, as its right thereto would not result in the Holder exceeding the Beneficial Ownership Limitation). &nbsp; d)&nbsp;&nbsp;&nbsp;&nbsp; Pro Rata Distributions . During such time as this Warrant is outstanding, if the Company shall declare or make any dividend or other distribution of its assets (or rights to acquire its assets) to holders of shares of Common Stock, by way of ||  return of capital or otherwise (including, without limitation, any distribution of cash, stock or other securities, property or options by way of a dividend, spin off, reclassification, corporate rearrangement, scheme of arrangement or other similar transaction) (except to the extent an adjustment was already made pursuant to Section 3(a)) (a &#8220;Distribution&#8221;), at any time  || after the issuance of this Warrant, then, in each such case, the Holder shall be entitled to participate in such Distribution to the same extent that the Holder would have participated therein if the Holder had held the number of shares of Common Stock acquirable upon complete exercise of this Warrant (without regard to any limitations on exer || cise hereof, including without limitation, the Beneficial Ownership Limitation) immediately before the date of which a record is taken for such Distribution, or, if no such record is taken, the date as of which the record holders of shares of Common Stock are to be determined for the participation in such Distribution ( provided ,&nbsp; however , that, to the extent that th || e Holder's right to participate in any such Distribution would result in the Holder exceeding the Beneficial Ownership Limitation, then the Holder shall not be entitled to participate in such Distribution to such extent (or in the beneficial ownership of any shares of Common  || Stock as a result of such Distribution to such extent) and the portion of such Distribution shall be held in abeyance for the benefit of the Holder until such time, if ever, as its right thereto would not result in the Holder exceeding the Beneficial Ownership Limitation). To the extent that this Warrant has n",PRIMARY REVIEW REQUIRED
"Fat Brands, Inc  (FAT, FATAV, FATBB, FATBP, FATBV, FATBW)  (CIK 0001705012)",0001705012,8-K,2025-01-30,https://www.sec.gov/Archives/edgar/data/1705012/000149315225004252/form8-k.htm,"; &#160; &#160; Item 1.01. Entry into a Material Definitive Agreement. &#160; On January 29, 2025, FAT Brands Inc. (the &#8220; Company &#8221;) completed the previously announced distribution (&#8220; Spin-Off &#8221;) of approximately 5.0% of the fully-diluted shares of Class A Common Stock, par value $0.0001 per share (&#8220; Twin Common Stock &#8221;), of its subsidiary, Twin Hospitality Group Inc., a De || laware corporation (&#8220; Twin Hospitality &#8221;), as a pro rata dividend (the &#8220; Distribution &#8221;) to holders of Class A common stock and Class B common stock of the Company (the &#8220; FAT Brands Common Stockholders &#8221;) of record as of January 27, 2025 (the &#8220; Record Date &#8221;). Pursuant to th || e Distribution, the FAT Brands Common Stockholders received 0.1520207 shares of Twin Common Stock for each share of Class A common stock or Class B common stock of the Company held as of the close of business on the Record Date. Follo || wing the completion of the Spin-Off, Twin Hospitality became an independent, publicly traded company, and the Twin Common Stock began trading on the Nasdaq Global Market under the ticker symbol &#8220;TWNP&#8221;. &#160; In connection with the Spin-Off, o || n January 24, 2025, the Company entered into a Master Separation and Distribution Agreement (the &#8220; Master Separation Agreement &#8221;) and Tax Matters Agreement (the &#8220; Tax Matters Agreement &#8221;) with Twin Hospitality, which provide a framework for Twin Hospitality&#8217;s on-going re || lationship with FAT Brands following the Spin-Off. &#160; Master Separation Agreement &#160; Pursuant to the Master Separation Agreement, on January 24, 2025, the Company exchanged its initial founder&#8217;s shares in Twin Hospitality (representing 100% of the issued  || n Hospitality) for 47,298,271 shares of Twin Hospitality&#8217;s Class A Common Stock and 2,870,000 shares of Twin Hospitality&#8217;s Class B Common Stock. In connection with the Spin-Off, on January 29, 2025, FAT Brands distributed 2,659,412 of its shares of Twin Hospitality Class A Common Stock to the FAT Brands Common Stockholders in the Distribution. &#160; Under the Master Separation Agreement, Twin ||  Hospitality also agreed to provide to the Company, beginning 180 days after the Spin-Off, certain registration rights to register the shares of Twin Hospitality Class A Common Stock and Class B Common Stock that were retained by the Company. At the request of the Company, Twin Hospitality agreed to use its ",PRIMARY REVIEW REQUIRED
"Twin Hospitality Group Inc.  (TWNP, TWNPV)  (CIK 0002011954)",0002011954,8-K,2025-01-30,https://www.sec.gov/Archives/edgar/data/2011954/000149315225004240/ex10-1.htm,"ies After the Separation Date 10 2.2 Allocation Conventions 10 2.3 Transfer Taxes 11 2.4 Twin Hospitality Separate Tax Assets; Tax Refunds 11 2.5 Tax Benefits 12 2.6 Allocation of Distribution Taxes 12 2.7 Prior Agreements 13 Article 3 Preparation and Filing of Tax Returns 13 3.1 Parent Responsibility 13 3.2 Twin Hospitality Responsibility 13 3.3 Right to Review Tax Returns 13 3.4 Cooperation 14 3.5 Twin Hosp || porting of the Transactions 14 3.7 Section 336(e) Election 15 3.8 Payment of Taxes 15 3.9 Amended Returns and Carrybacks 16 3.10 Tax Attributes 16 Article 4 Tax-Free Status of the Distribution 16 4.1 Certain Covenants Related to the Tax-Free Status of the Distribution 16 4.2 Certain Restrictions Relating to the Tax-Free Status of the Distribution 16 4.3 Procedures Regarding Post-Distribution Rulings and Unqua || h Parent, the &ldquo; Parties &rdquo;). Capitalized terms used in this Agreement and not defined herein shall have the meanings ascribed to such terms in the Master Separation and Distribution Agreement, dated as of the date hereof, by and between the Parties (the &ldquo; Separation Agreement &rdquo;). &nbsp; RECITALS &nbsp; WHEREAS, the board of directors of Parent (the &ldquo; Parent Board &rdquo;) has dete || arent transferred to Twin Hospitality 100% of the equity interests in the Top Tier Twin Subsidiary, including all of its subsidiaries and operations, and (iv) prior to the Taxable Spin-Off (as defined below), pursuant to the Separation Agreement, Parent will exchange all of the 5,000 shares of Twin Hospitality Class A Common Stock held by it for the issuance by Twin Hospitality to Parent of 47,298,271 sha || Class A Common Stock (the &ldquo; Retained Shares of Class A Common Stock &rdquo;) and 100% of the outstanding shares of Twin Hospitality Class B Common Stock (the &ldquo; Taxable Spin-Off &rdquo;), pursuant to a registration statement on Form 10 (the &ldquo; Form 10 &rdquo;); &nbsp; WHEREAS, Twin Hospitality intends to list the Twin Hospitality Class A Common Stock on the Nasdaq Global Market (the &ldquo || ; Listing &rdquo;), and following the Separation, the Taxable Spin-Off and the Listing, Twin Hospitality will be an independent publicly traded reporting company; &nbsp; WHEREAS, following the Taxable Spin-Off, Parent may (i) transfer the Retained Shares of Class A Common Stock and its sha || res of Twin Hospitality Class B Common Stock by means of a pro rata distribution by Parent to the Parent Common Stockholders (a &ldquo; Distribution &rdquo;); (ii) effect a disposition of the Retained Shares of Class A Common Stock and/or its shares of Twin Hospitality Class B Common Stock pursuant to one or more public offering(s) or private transaction(s) (which d || isposition(s) may precede a Distribution); or (iii) continue to hold its interest in the Retained Shares of Class A Common Stock and its shares of Twin Hospitality Class B Common Stock; &nbsp; &nbsp; &nbsp; &nbsp; WHEREAS, Parent currently intends the Distribu",PRIMARY REVIEW REQUIRED
Sandisk Corp  (SNDK)  (CIK 0002023554),0002023554,8-K,2025-02-03,https://www.sec.gov/Archives/edgar/data/2023554/000119312525019298/d919795d8k.htm,"tal Corporation (&#8220;WDC&#8221;), in connection with WDC&#8217;s previously announced separation of its flash business from its remaining hard disk drive business pursuant to a spin-off transaction (the &#8220;Spin-Off&#8221;). The Spin-Off will be effected through a distribution of 80.1% of the outstanding shares of the Company&#8217;s common stock owned by WDC on a pro rata basis to existing stockhol || ders of WDC (the &#8220;Distribution&#8221;). Upon consummation of the Spin-Off, the Company will be an independent, publicly traded company. The Registration Statement includes an information statement that describes the Distribution and the Spin-Off and provides important information regarding th || #8220;when-issued&#8221; basis on The Nasdaq Stock Market LLC (the &#8220;Nasdaq&#8221;) under the symbol &#8220;SNDK&#8221; one business day following February&#160;12, 2025, the record date for the Distribution. The Distribution is expected to be effective at 11:59 p.m. Pacific time on February&#160;21, 2025. &#8220;Regular-way&#8221; trading of the Company&#8217;s common stock on the Nasdaq is expected to ||  begin on February&#160;24, 2025, under the symbol &#8220;SNDK.&#8221; Following the Distribution, WDC will continue to trade on the Nasdaq under the symbol &#8220;WDC.&#8221; Completion of the Distribution is subject to the satisfaction or waiver of certain conditions described in the final information statement at || tached hereto as Exhibit&#160;99.1 and in the form of Separation and Distribution Agreement, which is filed as an exhibit to the Registration Statement. &#160; Item&#8201;9.01. Financial Statements and Exhibits (d) Exhibits &#160; Exhibit &#160;&#160; Description 99.1 &#160;&#160; Information Stateme || ments This Current Report on Form&#160;8-K contains forward-looking statements within the meaning of federal securities laws, including statements regarding expectations about the Spin-Off. These forward-looking statements are based on management&#8217;s current expectations and are subject to risks and uncertainties that could cause actual results to differ materially from those expressed or implied in t || fer materially from those expressed or implied in the forward-looking statements include: operational, financial and legal challenges and difficulties inherent in implementing the Spin-Off; the future operating results of the stand-alone business; value creation associated with the separation and stand-alone business; the anticipated qualification of the Spin-Off as a tax-free transaction for U.S. federal ||  income tax purposes; the expected relationship of the two businesses post-separation; whether the Spin-Off will be completed on the expected terms and on the anticipated timeline or at all, including the possibility that the conditions to the Spin-Off may not be satisfied, including that a governmental entity may prohibit, d",PRIMARY REVIEW REQUIRED
WESTERN DIGITAL CORP  (WDC)  (CIK 0000106040),0000106040,8-K,2025-02-03,https://www.sec.gov/Archives/edgar/data/106040/000119312525019294/d922460d8k.htm,"ith Western Digital Corporation&#8217;s (the &#8220;Company&#8221;) previously announced separation of its flash business from its remaining hard disk drive business pursuant to a spin-off transaction (the &#8220;Spin-Off&#8221;). The Spin-Off will be effected through a distribution of 80.1% of the outstanding shares of Sandisk&#8217;s common stock owned by the Company on a pro rata basis to existing stoc || kholders of the Company (the &#8220;Distribution&#8221;). Upon consummation of the Spin-Off, Sandisk will be an independent, publicly traded company. The Registration Statement includes an information statement that describes the Distribution and the Spin-Off and provides important information regarding Sandis || #8220;when-issued&#8221; basis on The Nasdaq Stock Market LLC (the &#8220;Nasdaq&#8221;) under the symbol &#8220;SNDK&#8221; one business day following February&#160;12, 2025, the record date for the Distribution. The Distribution is expected to be effective at 11:59 p.m. Pacific time on February&#160;21, 2025. &#8220;Regular-way&#8221; trading of Sandisk common stock on the Nasdaq is expected to begin on Fe || bruary&#160;24, 2025, under the symbol &#8220;SNDK.&#8221; Following the Spin-Off, the Company will continue to trade on the Nasdaq under the symbol &#8220;WDC.&#8221; Completion of the Distribution is subject to the satisfaction or waiver of certain conditions described in the final information stat || ement attached hereto as Exhibit&#160;99.1 and in the form of Separation and Distribution Agreement, which is filed as an exhibit to the Registration Statement. &#160; Item&#8201;9.01. Financial Statements and Exhibits (d) Exhibits &#160; Exhibit &#160;&#160; Description 99.1 &#160;&#160; Information Stateme || ments This Current Report on Form&#160;8-K contains forward-looking statements within the meaning of federal securities laws, including statements regarding expectations about the Spin-Off. These forward-looking statements are based on management&#8217;s current expectations and are subject to risks and uncertainties that could cause actual results to differ materially from those expressed or implied in t",PRIMARY REVIEW REQUIRED
"LENNAR CORP /NEW/  (LEN, LEN-B)  (CIK 0000920760)",0000920760,8-K,2025-02-07,https://www.sec.gov/Archives/edgar/data/920760/000119312525022309/d933374d8k.htm," Regulation FD Disclosure. On February&#160;7, 2025, Lennar Corporation (&#8220;Lennar&#8221;) issued a press release announcing the completion of the previously announced taxable spin-off of Millrose Properties, Inc. (&#8220;Millrose&#8221;) as described in Item 8.01 in this Current Report on Form 8-K. A copy of the press release is attached as Exhibit 99.1 to this Current Report on Form 8-K. The informa || s shall be expressly set forth by specific reference in any such filing. Item&#8201;8.01. Other Events. On February&#160;7, 2025, Lennar completed the previously announced taxable spin-off of Millrose through the distribution of approximately 80% of the outstanding shares of Millrose Class&#160;A and Class&#160;B common stock to holders of Lennar Class&#160;A and/or Class&#160;B common stock (the &#8220;D || istribution&#8221;) as of the close of business on January 21, 2025 (the &#8220;Record Date&#8221;). The Distribution was completed as of 8:30 a.m., Eastern Time, on February&#160;7, 2025. As a result of the Distribution, Millrose is now an independent public company and its Class&#160;A common stock is listed under the symbol &#8220;M || RP&#8221; on the New York Stock Exchange. Millrose Class&#160;B common stock will not be listed. Lennar stockholders of record as of the Record Date received one share of Millrose Class&#160;A common stock, unless they elected to receive Class&#160;B common stock, for every two shares of Lennar Class&#160;A or Class&#160;B common stock held as of such date, subject  || ayment of cash in lieu of fractional shares of Millrose Class&#160;A common stock. Fractional shares of Millrose Class&#160;B common stock will be rounded down. As a result of the Distribution and the elections made by Lennar stockholders in connection with the Distribution, there are currently 120,980,401 shares of Millrose Class&#160;A common stock and 11,819,811 shares of Millrose Class&#160;B common stock || &#160;A common stock of Millrose (representing approximately 20% of the total outstanding shares of Millrose common stock), which Lennar expects to dispose of through a subsequent spin-off, split-off, public offering, private sale or any combination of these potential transactions. As of the date of the Distribution, there are 154,180,454 total outstanding shares of Millrose Class&#160;A common stock and ",PRIMARY REVIEW REQUIRED
"Millrose Properties, Inc.  (MRP)  (CIK 0002017206)",0002017206,8-K,2025-02-07,https://www.sec.gov/Archives/edgar/data/2017206/000119312525022336/d760441d8k.htm,"d pursuant to Section&#160;13(a) of the Exchange Act. &#9744; &#160; &#160; &#160; Item&#8201;1.01 Entry into a Material Definitive Agreement. On February&#160;7, 2025 (the &#8220;Distribution Date&#8221;), Lennar Corporation (&#8220;Lennar&#8221;) completed the previously announced distribution of 120,980,401 shares of Class&#160;A common stock of Millrose Properties, Inc. (&#8220;Millrose&#8221;), par value || to de minimis adjustments, representing approximately 80% of the outstanding Common Stock, to holders of Lennar Class&#160;A common stock and Class&#160;B common stock (the &#8220;Distribution&#8221; or &#8220;Spin Off&#8221;). Each holder of Lennar Class&#160;A common stock or Class&#160;B common stock received one share of Class&#160;A Common Stock or Class&#160;B Common Stock for every two shares of Lennar ||  Class&#160;A common stock or Class&#160;B common stock held as of the close of business on January&#160;21, 2025 (the &#8220;Record Date&#8221;). Following the Distribution, Lennar will temporarily retain 33,200,053 shares (approximately 20% of the outstanding shares of Millrose) of Common Stock in the form of Class&#160;A Common Stock (the &#8220;Retained Shares&#8221;). Lennar has agreed ||  not to exercise its voting rights with respect to the Retained Shares. Upon the consummation of the Spin Off, Millrose became an independent public company listed on the New York Stock Exchange (the &#8220;NYSE&#8221;) under the symbol &#8220;MRP&#8221;. Millrose is externally managed by Kennedy Lewis Land and Residential Advi || e Manager provides Millrose access to the Manager&#8217;s deep financial expertise, extensive operational platforms and strong homebuilder relationships. Immediately following the Spin-Off, the Manager will leverage its full resources to deliver its already robust backlog of deals and to pursue accretive homesite option purchase arrangements with other third-party homebuilders and developers throughout th || irst quarter of 2025. Millrose expects to utilize its revolving credit facility under the Credit Agreement (as defined below) to finance these transactions. In connection with the Spin Off, Lennar has contributed $5.5 billion in land assets and cash of $1 billion to Millrose. In connection with the Spin-Off, Millrose entered into several agreements, as described below. Management Agreement On the Distribu || a copy of which is attached to this Current Report on Form 8-K as Exhibit 10.1 and is hereby incorporated by reference into this Item 1.01. Founder&#8217;s Rights Agreement On the Distribution Date, Millrose and U.S. Home, LLC, a subsidiary of Lennar (&#8220;U.S. Home&#8221;), Lennar Homes Holding, LLC, a subsidiary of Lennar (&#8220;Lennar Homes Holding&#8221;), and CalAtlantic Group, LLC, a subsidiary of Le || t in the event that Millrose issues additional shares of Class&#160;A Common Stock (or any other equity securities in a manner consistent with its charter) within 18 months of the Distribution Date to any customer other than U.S. Home of its affiliates (the &#8220;Other Customer&#8221;) in exchange for Future Property Assets (i.e., any future Homesites (as defined below), prospective Homesites, properties or ",PRIMARY REVIEW REQUIRED
"Everus Construction Group, Inc.  (ECG)  (CIK 0002015845)",0002015845,8-K,2025-02-11,https://www.sec.gov/Archives/edgar/data/2015845/000201584525000005/a2024q4ex99-ecg.htm,"&#8226; Earnings before interest, taxes, depreciation and amortization (EBITDA) of $58.3&#160;million, up 0.2%&#59; EBITDA margin of 7.7%, down 150 basis points. &#8226; Completed spinoff from MDU Resources Group, Inc. on Oct. 31, 2024. Full Year 2024 Summary (all comparisons versus the prior year unless otherwise noted) &#8226; Revenues of $2.85&#160;billion, comparable to $2.85 billion in 2023. &#8226; || in the fourth quarter of 2024, compared to $635.7&#160;million in the fourth quarter of 2023. Electrical and mechanical revenues grew $95.1 million, or 20.9%, and transmission and distribution revenues rose $28.2 million, or 15.2%. The company's gross profit increased to $86.3&#160;million in the fourth quarter of 2024, compared to $79.8&#160;million in the fourth quarter of 2023. Higher revenues drove the in ||  or diluted EPS of 72 cents, in the fourth quarter of 2023. The decrease was primarily from higher selling, general and administrative expenses and interest expense related to the spinoff from MDU Resources, partially offset by increased gross profit and higher income from joint ventures. Net income margin was 4.5% in the fourth quarter of 2024, compared to 5.7% in the fourth quarter of 2023. 1 The compa || oss profit margin and higher selling, general and administrative expenses. E&#38;M segment EBITDA margin was 7.8%, compared to 8.0% in the fourth quarter of 2023. Transmission and Distribution Everus' T&#38;D segment revenues were $213.3&#160;million during the fourth quarter of 2024, compared to $185.1&#160;million in the fourth quarter of 2023. The increase was mostly driven by higher workloads in the utili || ts, and the transportation market had higher workloads in the traffic signalization and street lighting submarkets. These increases were partially offset by lower workloads in the distribution submarket. T&#38;D segment net income increased to $17.9 million during the fourth quarter of 2024, compared to $15.9 million in the fourth quarter of 2023. T&#38;D segment net income margin was 8.4%, compared to 8.6% i || eported revenues of $2.85&#160;billion in 2024, on par with $2.85&#160;billion in 2023. Electrical and mechanical revenues softened $103.4 million, or 4.8%, while transmission and distribution revenues rose $102.5 million, or 14.0%. The company's gross profit increased to $339.5&#160;million in 2024, compared to $321.9&#160;million in 2023. Relatively consistent revenues, combined with a higher gross profit m ||  are available under the credit agreement in an aggregate amount of up to $50.0&#160;million. Everus drew $40.0&#160;million under the revolving credit facility at the time of the spinoff on Oct. 31 to meet projected working capital needs. Everus used a portion of the net proceeds to repay its outstanding indebtedness to CEHI, LLC (Centennial), as well as a dividend to MDU Resources. Everus retained the  || ent liabilities, was $403.9&#160;million at Dec. 31, 2024, compared to $335.2&#160;million at Dec. 31, 2023. Everus previously reported that its near-term priorities following the spinoff from MDU Resources are organic growth investments, value-enhancing acquisitions and balance sheet optimization. Cash Flow The company's operating cash flows were $163.4&#160;million for 2024, compared to $171.4&#160;mil",PRIMARY REVIEW REQUIRED
ORAMED PHARMACEUTICALS INC.  (ORMP)  (CIK 0001176309),0001176309,8-K,2025-02-11,https://www.sec.gov/Archives/edgar/data/1176309/000121390025012244/ea0229914-8k_oramed.htm,"tain Joint Venture Agreement (the &#8220; JV Agreement &#8221;) for the purpose of forming a joint venture company relating to the funding, development, production, marketing, and distribution of the products as described therein. The Supplemental Agreement amends and supplements the JV Agreement and sets forth, among others, (i) the business and operations and corporate governance provisions, including the d || the Asset Transfer Agreement (as defined herein), (ii) procure all necessary Governmental Approvals (as defined in the Supplemental Agreement, and including filing of any required Spin Off Disclosure Document (as defined in the Supplemental Agreement) with the Securities and Exchange Commission and third-party consents for the distribution of no less than 60% of the Company&#8217;s shares of Oramed NewCo  || Common Stock held at such time, as an in-kind distribution, to the shareholders of the Company as of the Record Date (as defined in the Supplemental Agreement), and (iii) consummate and effect such in-kind distribution so that immediately upon such distribution the issued and outstanding shares of Oramed NewCo Common Stock shall be as ||  set forth in the Supplemental Agreement ((ii) and (iii) collectively, the &#8220; Spin Off &#8221;). &#160; Additionally, each of the Company and HTIT Sub have agreed that from Listing Date until 120 days after the Listing Date, each will not (i) offer, pledge, announce the intention to sell, contract to sell || d NewCo shall issue to the Company in two tranches of: (i) upon or after the Asset Transfer Closing (as defined in the Asset Transfer Agreement) but prior to the completion of the Spin Off, 4,999,999 shares of Oramed NewCo Common Stock and (ii) upon the earlier of the Second Closing or the Second Closing Deadline, 1,923,077 shares of Oramed NewCo Common Stock, each, pursuant to the terms and conditions of ||  Act, and Section 21E of the Exchange Act. All statements other than statements of historical fact contained in this Current Report on Form 8-K, including statements regarding the Spin Off and the related transactions contemplated thereby, are forward-looking statements. Some of these forward-looking statements can be identified by the use of forward-looking words, including &#8220;may,&#8221; &#8220;shou",PRIMARY REVIEW REQUIRED
Jet.AI Inc.  (JTAI)  (CIK 0001861622),0001861622,8-K,2025-02-20,https://www.sec.gov/Archives/edgar/data/1861622/000149315225007719/ex10-1.htm," EX-10.1 3 ex10-1.htm &nbsp; Exhibit 10.1 &nbsp; Execution Version &nbsp; &nbsp; &nbsp; SEPARATION AND DISTRIBUTION AGREEMENT &nbsp; DATED AS OF FEBRUARY 13, 2025 &nbsp; by and among &nbsp; JET.AI INC., &nbsp; JET.AI SPINCO, INC. &nbsp; and &nbsp; FLYEXCLUSIVE, INC. &nbsp; &nbsp; &nbsp; &nbsp; &nbsp; &nbsp; TABLE OF CONTENTS &nbsp; & || .2 Non-Transferable Assets 6 2.3 Conveyancing and Assumption Instruments 7 2.4 Further Assurances; Ancillary Agreements 7 2.5 Consideration 7 Article III &ndash; COMPLETION OF THE DISTRIBUTION 8 3.1 Actions Prior to the Distribution 8 3.2 Effecting the Distribution 8 3.3 Conditions to the Distribution 9 Article IV - REPRESENTATIONS AND WARRANTIES OF JET.AI RELATING TO JET.AI 9 4.1 Organization of the Jet.AI G || pretation 15 6.19 No Waiver 15 &nbsp; LIST OF SCHEDULES &nbsp; 2.1(a)(i) SpinCo Assets 2.1(a)(ii) SpinCo Contracts 2.1(a)(iii) SpinCo Permits &nbsp; 2 &nbsp; &nbsp; SEPARATION AND DISTRIBUTION AGREEMENT &nbsp; This SEPARATION AND DISTRIBUTION AGREEMENT (this &ldquo; Agreement &rdquo;), dated as of February 13, 2025, is entered into by and among Jet.AI Inc., a Delaware corporation (&ldquo; Jet.AI &rdquo;), Jet || ; E. The Jet.AI Board has further determined that it is appropriate and desirable, on the terms and conditions contemplated hereby, immediately following such separation to make a distribution of the SpinCo Business to the holders of common stock, par value $0.001 per share, of Jet.AI (the &ldquo; Jet.AI Stock &rdquo;) on the Record Date through the distribution of all of the outstanding shares of SpinCo Stoc || k to holders of Jet.AI Stock on the Record Date on a pro rata basis in accordance with a distribution ratio to be determined by the Jet.AI Board (the &ldquo; Distribution &rdquo;), in each case, on the terms and conditions set forth in this Agreement. &nbsp; F. Immediately following the Distribution, Jet.AI will hold none of the outstanding shares of SpinCo Stock. &nbsp; G. The Jet.AI Bo ||  SpinCo, flyExclusive and FlyX Merger Sub, Inc., a Delaware corporation and wholly owned subsidiary of flyExclusive (&ldquo; Merger Sub &rdquo;), that following the Separation and Distribution, Merger Sub will merge with and into SpinCo, with SpinCo continuing as the surviving corporation (the &ldquo; Merger &rdquo;). &nbsp; 3 &nbsp; &nbsp; H. Pursuant to the Merger, shares of SpinCo Stock will be exchanged f ||  and flyExclusive will jointly prepare, and flyExclusive will file with the SEC, the Registration Statement, which will set forth certain disclosure concerning the Separation, the Distribution and the Merger. &nbsp; J. The Jet.AI Board has (x) determined that the transactions contemplated by this Agreement, the Merger Agreement and the Ancillary Agreements have a valid business purpose, are in furtherance of  ||  this Agreement and the Merger Agreement. &nbsp; L. The Parties and flyExclusive desire to set forth the principal corporate transactions required to effect the Separation and the Distribution, and certain other agreements relating to the relationship of Jet.AI and SpinCo and their respective Subsidiaries following the Distribution. &nbsp; THEREFORE, in consideration of the foregoing and the mutual agreements",PRIMARY REVIEW REQUIRED
"Sandisk Corp  (SNDK, SNDKV)  (CIK 0002023554)",0002023554,8-K,2025-02-24,https://www.sec.gov/Archives/edgar/data/2023554/000119312525033433/d849281d8k.htm,"ive agreements were entered into in connection with WDC&#8217;s previously announced plan to separate its flash business from its remaining hard disk drive business, pursuant to a spin-off transaction (the &#8220;Spin-Off&#8221;). The definitive agreements entered into between the Company and WDC in connection with the Spin-Off set forth the terms and conditions of the Spin-Off and provide a framework for ||  WDC&#8217;s relationship with the Company following the Spin-Off, including with respect to the allocation between the Company and WDC of WDC&#8217;s and the Company&#8217;s assets, employees, liabilities and obligations (including employee benefits and&#160;tax-related&#160;assets a || nd liabilities) attributable to periods prior to, at and after the Spin-Off. These agreements include the Separation and Distribution Agreement (as described below), which contains certain key provisions related to the Spin-Off, as well as a Transition Services Agreement, a Tax Matters Agreement, an Employee Matters Agreement, an Intellectual Property || Trademark License Agreement, and a Stockholder and Registration Rights Agreement (each, as described below) (collectively, the &#8220;Separation Agreements&#8221;). Separation and Distribution Agreement On February&#160;21, 2025, the Company and WDC entered into a Separation and Distribution Agreement that sets forth, among other things, the agreements between the Company and WDC regarding the principal trans || actions necessary to separate the Company from WDC and effect the Spin-Off. It also sets forth other agreements that govern certain aspects of the Company&#8217;s relationship with WDC after the completion of the Spin-Off. A summary of certain important terms and conditions of the Separation a || nd Distribution Agreement can be found in the section entitled &#8220; Certain Relationships and Related Party Transactions&#8212;Material Agreements with WDC&#8212;The Separation and Distribution Agreement &#8221; in the Company&#8217 || 20;SEC&#8221;) on February&#160;3, 2025. Such summary is incorporated into this Item&#160;1.01 by reference as if restated in full. The foregoing description of the Separation and Distribution Agreement does not purport to be complete and is subject to, and qualified in its entirety by, the full text of the Separation and Distribution Agreement, a copy of which is filed as Exhibit&#160;2.1 hereto and is incor || n Services Agreement, which governs the provision of transition services from WDC to the Company and from the Company to WDC, in each case, for a transitional period following the Spin-Off.&#160;The Transition Services Agreement specifies the terms under which the transition services are provided, including the services standard, fees and allocation of risk, and contains mechanisms for adding, extending a",PRIMARY REVIEW REQUIRED
"WESTERN DIGITAL CORP  (WDC, WDCVV)  (CIK 0000106040)",0000106040,8-K,2025-02-24,https://www.sec.gov/Archives/edgar/data/106040/000119312525033383/d847507d8k.htm,"ements were entered into in connection with the Company&#8217;s previously announced plan to separate its flash business from its remaining hard disk drive business, pursuant to a spin-off transaction (the &#8220;Spin-Off&#8221;). The definitive agreements entered into between the Company and Sandisk in connection with the Spin-Off set forth the terms and conditions of the Spin-Off and provide for a frame || work for the Company&#8217;s relationship with Sandisk following the Spin-Off, including with respect to the allocation between the Company&#8217;s and Sandisk&#8217;s assets, employees, liabilities and obligations (including employee benefits and&#160;tax-related&#160;assets and liabilities) att || ributable to periods prior to, at and after the Spin-Off. These agreements include the Separation and Distribution Agreement (as described below), which contains certain key provisions related to the Spin-Off, as well as a Transition Services Agreement, a Tax Matters Agreement, an Employee Matters Agreement, an Intellectual Property || Trademark License Agreement, and a Stockholder and Registration Rights Agreement (each, as described below) (collectively, the &#8220;Separation Agreements&#8221;). Separation and Distribution Agreement On February&#160;21, 2025, the Company and Sandisk entered into a Separation and Distribution Agreement that sets forth, among other things, the agreement between the Company and Sandisk regarding the principa || l transactions necessary to separate Sandisk from the Company and effect the Spin-Off. It also sets forth other agreements that govern certain aspects of the Company&#8217;s relationship with Sandisk after the completion of the Spin-Off. A summary of certain important terms and conditions of the Separati || on and Distribution Agreement can be found in the section entitled &#8220; Certain Relationships and Related Party Transactions&#8212;Material Agreements with WDC&#8212;The Separation and Distribution Agreement &#8221; in Sandisk&#8217;s I || 20;SEC&#8221;) on February&#160;3, 2025. Such summary is incorporated into this Item&#160;1.01 by reference as if restated in full. The foregoing description of the Separation and Distribution Agreement does not purport to be complete and is subject to, and qualified in its entirety by, the full text of the Separation and Distribution Agreement, a copy of which is filed as Exhibit 2.1 hereto and is incorporat || es Agreement, which governs the provision of transition services from the Company to Sandisk and from Sandisk to the Company, in each case, for a transitional period following the Spin-Off.&#160;The Transition Services Agreement specifies the terms under which the transition services are provided, including the services standard, fees and allocation of risk, and contains mechanisms for adding, extending a",PRIMARY REVIEW REQUIRED
"Resolute Holdings Management, Inc.  (RHLD, RHLDV)  (CIK 0002039497)",0002039497,8-K,2025-02-28,https://www.sec.gov/Archives/edgar/data/2039497/000095014225000558/eh250596666_8k.htm," of the Exchange Act.&#160; &#9744; &#160; &#160; &#160; &#160; &#160; &#160; &#160; Item 1.01. Entry into a Material Definitive Agreement. &#160; On February 28, 2025 (the &#8220;Distribution Date&#8221;), at 12:01 a.m. New York City time, CompoSecure, Inc. (&#8220;CompoSecure&#8221;) completed the previously announced distribution of all shares of the common stock of Resolute Holdings Management, Inc. (&#82 || 1;) by CompoSecure to holders of CompoSecure&#8217;s Class A common stock, par value $0.0001 per share (the &#8220;CompoSecure common stock&#8221;) on a pro rata basis (the &#8220;Spin-Off&#8221;). Each holder of record of CompoSecure common stock received one (1) share of our common stock for every twelve (12) shares of CompoSecure common stock held on February 20, 2025 (the &#8220;Record Date&#8221;), a || nd will receive cash in lieu of fractional shares of our common stock. &#160; On or prior to the Distribution Date, in connection with the Spin-Off, we entered into several agreements that set forth the principal actions taken or to be taken in connection with the Spin-Off, including the following agreements: &#160; &#183; a Separation and Distribution Agreement, b || lute Holdings and CompoSecure; and &#160; &#183; a Letter Agreement, by and between CompoSecure and Resolute Holdings. &#160; The descriptions included below of the Separation and Distribution Agreement, the Management Agreement, the Registration Rights Agreement, the U.S. State and Local Tax Sharing Agreement and the Letter Agreement do not purport to be complete and are qualified in their entirety by refere || ments, which are filed as Exhibits 2.1, 10.1, 10.2, 10.3 and 10.4, respectively, to this Current Report on Form 8-K and are incorporated herein by reference. &#160; Separation and Distribution Agreement &#160; We entered into a Separation and Distribution Agreement with CompoSecure before the Spin-Off. The Separation and Distribution Agreement sets forth our agreements with CompoSecure regarding the principal ||  actions to be taken in connection with the Spin-Off. It also sets forth other agreements that govern aspects of our relationship with CompoSecure following the Spin-Off. &#160; Separation Transaction &#160; The Separation and Distribution Agreement describes certain actions related to our separation from CompoSecure that occurred prior to the Spin-Off, or in limited instances, followin || g the Spin-Off, including the transfer by CompoSecure to us of certain assets and employees in exchange for the assumption by us of liabilities associated with those assets and employees, the issuance by us to CompoSecure Holdings of  || shares of our common stock and, following such issuance of shares of our common stock, the distribution by CompoSecure Holdings to CompoSecure of all shares of our common stock then held by CompoSecure Holdings. &#160; Employee Matters &#160; The Separation and Distribution Agreement sets forth the timing and general resp",PRIMARY REVIEW REQUIRED
"CompoSecure, Inc.  (CMPO, CMPOV, CMPOW)  (CIK 0001823144)",0001823144,8-K,2025-03-05,https://www.sec.gov/Archives/edgar/data/1823144/000095014225000636/eh250596910_8k.htm,"a) of the Exchange Act.&#160; &#9744; &#160; &#160; &#160; &#160; &#160; &#160; &#160; Item&#160;1.01. Entry into a Material Definitive Agreement. On February 28, 2025 (the &#8220;Distribution Date&#8221;) at 12:01 a.m. New York City time, CompoSecure, Inc. (&#8220;CompoSecure,&#8221; the &#8220;Company,&#8221; &#8220;we,&#8221; &#8220;us&#8221; or &#8220;our&#8221;) completed the previously announced separat || ion (the &#8220;Spin-Off&#8221;) of Resolute Holdings Management, Inc. (&#8220;Resolute Holdings&#8221;) from the Company. The Spin-Off of Resolute Holdings from CompoSecure was achieved through the Company&#8217;s pro rata distribution of all outstanding shares of Resolute Holdings&#8217; common stock to holders of record of CompoSecure&#8217;s Class A || of CompoSecure common stock received one (1) share of Resolute Holdings&#8217; common stock for every twelve (12) shares of CompoSecure common stock held on February 20, 2025, the record date for the distribution. In lieu of fractional shares of Resolute Holdings, stockholders of CompoSecure will receive cash. On February 28, 2025, Resolute Holdings&#8217; common stock began trading on The Nasdaq Stock Marke || t LLC under the ticker symbol &#8220;RHLD.&#8221; In connection with the Spin-Off, on or prior to the Distribution Date, the Company entered into a Separation and Distribution Agreement, a U.S. State and Local Tax Sharing Agreement and a Letter Agreement with Resolute Holdings, and the Company&#8217;s wholly owned subsidiary, CompoSecure Holdings, L.L.C. (&#8220;CompoSecure Holdings&#8221;),  || entered into a Management Agreement with Resolute Holdings. &#160; The descriptions included below of the Separation and Distribution Agreement, the Management Agreement, the U.S. State and Local Tax Sharing Agreement and the Letter Agreement do not purport to be complete and are qualified in their entirety by reference to the full text of such agreem || ents, which are filed as Exhibits 2.1, 10.1, 10.2 and 10.3, respectively, to this Current Report on Form 8-K and are incorporated herein by reference. Separation and Distribution Agreement We entered into a Separation and Distribution Agreement with Resolute Holdings before the Spin-Off. The Separation and Distribution Agreement sets forth our agreements with Resolute Holdings regarding the prin || cipal actions to be taken in connection with the Spin-Off. It also sets forth other agreements that govern aspects of our relationship with Resolute Holdings following the Spin-Off. Separation Transaction The Separation and Distribution Agreement describes certain actions related to Resolute Holdings&#8217; separation from us that occurred prior to the Spin-Off, or in limited instances, following  || the Spin-Off, including our transfer to Resolute Holdings of certain assets and employees in exchange for the assumption by Resolute Holdings of liabilities associated with those assets and employees, the issuance by Resolute Holdin",PRIMARY REVIEW REQUIRED
LIBERTY STAR URANIUM & METALS CORP.  (LBSR)  (CIK 0001172178),0001172178,8-K,2025-03-13,https://www.sec.gov/Archives/edgar/data/1172178/000149315225010095/ex3-55.htm," this Section 1.6(b) unless (a) it first gives, to the extent practicable, ten (10) days prior written notice (but in any event at least five (5) days prior written notice) of the record date of the special meeting of shareholders to approve, or if there is no such record date, the consummation of, such merger, consolidation, exchange of shares, recapitalization, reorganization or other similar event or sale || s of this Note. The above provisions shall similarly apply to successive consolidations, mergers, sales, transfers or share exchanges. &nbsp; 5 &nbsp; &nbsp; (c) Adjustment Due to Distribution . If the Borrower shall declare or make any distribution of its assets (or rights to acquire its assets) to holders of Common Stock as a dividend, stock repurchase, by way of return of capital or otherwise (including an || y dividend or distribution to the Borrower&rsquo;s shareholders in cash or shares (or rights to acquire shares) of capital stock of a subsidiary (i.e., a spin-off)) (a &ldquo;Distribution&rdquo;), then the Holder of this Note shall be entitled, upon any conversion of this Note after the date of record for determining shareholders entitled to such Distribution, to receive the amount of such assets which w || ould have been payable to the Holder with respect to the shares of Common Stock issuable upon such conversion had such Holder been the holder of such shares of Common Stock on the record date for the determination of shareholders entitled to such Distribution. [NOTE: This is not a ratchet provision, it simply prohibits the issuer from affecting a distribution of assets or stock while attempting to avoid conv || ersion or payment of the note (i.e., in the event of an asset distribution which renders the company a shell company, without the foregoing language, although it would be a default, the note holder would be left with little other remedies to attempt to be repaid from the spin off entity). Note",PRIMARY REVIEW REQUIRED
"Fluent, Inc.  (FLNT)  (CIK 0001460329)",0001460329,8-K,2025-03-21,https://www.sec.gov/Archives/edgar/data/1460329/000143774925008666/ex_792735.htm,"ents . &nbsp; a)&nbsp;&nbsp;&nbsp;&nbsp; Stock Dividends and Splits . If the Company, at any time while this Warrant is outstanding: (i) pays a stock dividend or otherwise makes a distribution or distributions on shares of its Common Stock or any other equity or equity equivalent securities payable in shares of Common Stock (which, for avoidance of doubt, shall not include any shares of Common Stock issued by || usted such that the aggregate Exercise Price of this Warrant shall remain unchanged. Any adjustment made pursuant to this Section 3(a) shall become effective immediately after the record date for the determination of stockholders entitled to receive such dividend or distribution and shall become effective immediately after the effective date in the case of a subdivision, combination or re&#8209;classificatio ||  the record holders of shares of Common Stock are to be determined for the grant, issue or sale of such Purchase Rights. &nbsp; 6 &nbsp; &nbsp; c)&nbsp;&nbsp;&nbsp;&nbsp; Pro Rata Distributions . During such time as this Warrant is outstanding, if the Company shall declare or make any dividend or other distribution of its assets (or rights to acquire its assets) to holders of shares of Common Stock, by way of ||  return of capital or otherwise (including, without limitation, any distribution of cash, stock or other securities, property or options by way of a dividend, spin off, reclassification, corporate rearrangement, scheme of arrangement or other similar transaction) (a &#8220; Distribution &#8221;), at any time after the issuance of this Warrant, then, in each such case, the Holder shall ||  be entitled to participate in such Distribution to the same extent that the Holder would have participated therein if the Holder had held the number of shares of Common Stock acquirable upon complete exercise of this Warrant (without regard to any limitations on exer || cise hereof) immediately before the date of which a record is taken for such Distribution, or, if no such record is taken, the date as of which the record holders of shares of Common Stock are to be determined for the participation in such Distribution. &nbsp; d)&nbsp;&nbsp;&nbsp;&nbsp; Fundamental Transacti ||  one or more related transactions consummates a stock or share purchase agreement or other business combination (including, without limitation, a reorganization, recapitalization, spin-off, merger or scheme of arrangement) with another Person or group of Persons whereby such other Person or group acquires 50% or more of the outstanding shares of Common Stock or 50% or more of the voting power of the commo ||  facts requiring such adjustment. &nbsp; 8 &nbsp; &nbsp; ii.&nbsp;&nbsp;&nbsp;&nbsp; Notice to Allow Exercise by Holder . If (A) the Company shall declare a dividend (or any other distribution in whatever form) on the Common Stock, (B) the Company shall declare a special nonrecurring cash dividend on or a redemption of the Common Stock, (C) the Company shall authorize the granting to all holders of the Common",PRIMARY REVIEW REQUIRED
"Fat Brands, Inc  (FAT, FATBB, FATBP, FATBW)  (CIK 0001705012)",0001705012,8-K,2025-03-24,https://www.sec.gov/Archives/edgar/data/1705012/000164117225000309/form8-k.htm,"On January 16, 2025, FAT Brands Inc. (the &#8220; Company &#8221;) announced that its Board of Directors (the &#8220; Board &#8221;) declared a special stock dividend (the &#8220; Distribution &#8221;) to the Company&#8217;s common stockholders of shares of Class A Common Stock (&#8220; Twin Common Stock &#8221;) of Twin Hospitality Group Inc., the operating unit for the Company&#8217;s Twin Peaks and Smokey  || Bones restaurant brands. The Distribution of shares of Twin Common Stock was completed on January 29, 2025 (the &#8220; Distribution Date &#8221;). Pursuant to the Distribution, the holders of the Company&#8217;s Class A Common Stock (&#8220; FAT Common Stock &#8221;) received 0.1520207 shares of Twin Common Stock for each share of FAT Common Stock held on the record date. On January 30, 2025, ||  the ex-dividend date for the distribution, NASDAQ adjusted downward the opening trading price of the FAT Common Stock by $2.599553 per share, based on the closing trading price of Twin Common Stock on the Distribution Date. This amount was also used by the Comp || any to reduce the exercise price of its outstanding publicly traded Warrants (FATBW) as of the Distribution Date. &#160; The Company&#8217;s 2017 Omnibus Equity Incentive Plan (the &#8220; Plan &#8221;) provides that, in the event of a spin-off transaction or other change in capitalization by the Company, the Board may author || he Board and the Compensation Committee approved a reduction in the exercise price of all outstanding stock options under the Plan held by officers, directors and employees on the Distribution Date in an amount equal to $2.599553 per share, with the difference rounded to the nearest whole cent. No cash payments will be made to option holders in connection with the adjustment. The reduction in exercise price i || s intended to provide an equitable adjustment to holders of stock options as a result of the Company&#8217;s payment of the Distribution and the ex-dividend adjustment to the FAT Common Stock, and was made with respect to (i) unvested stock options under the Plan and (ii) vested but unexercised stock options under the Plan on the Distribution Date. &#160",PRIMARY REVIEW REQUIRED
Prairie Operating Co.  (PROP)  (CIK 0001162896),0001162896,8-K,2025-03-24,https://www.sec.gov/Archives/edgar/data/1162896/000164117225000369/ex99-1.htm,"ion) or &ldquo;open source software&rdquo; (as defined by the Open Source Initiative) or has not otherwise distributed publicly software under terms that permit modification and redistribution of such software) in a manner that would require that any of the proprietary software owned by the Company or included in a Company product or service: (i) be made available or distributed in source code form; (ii) be l ||  toxic or hazardous materials, substances or wastes (collectively, &ldquo; Hazardous Materials &rdquo;) into the environment, or otherwise relating to the manufacture, processing, distribution, use, treatment, storage, disposal, transport or handling of, or exposure to, Hazardous Materials, as well as all authorizations, codes, decrees, demands or demand letters, injunctions, judgments, licenses, notices or n || eement or understanding with any Buyer with respect to the transactions contemplated by the Transaction Documents other than as specified in the Transaction Documents. &nbsp; (xx) Record Date . The Board of Directors has set March 24, 2025 (the &ldquo; Record Date &rdquo;) as the record date for the Stockholder Meeting (as defined below) to obtain the Requisite Stockholder Approval. &nbsp; (yy) Voting Agreem || ty one (61%) of the Company&rsquo;s outstanding Common Stock as of the date hereof and will hold at least such percentage of the Company&rsquo;s outstanding Common Stock as of the Record Date. &nbsp; 24 &nbsp; &nbsp; 4. COVENANTS . &nbsp; (a) Best Efforts . Each Buyer shall use its best efforts to timely satisfy each of the covenants hereunder and conditions to be satisfied by it as provided in Section 6 of  || ck is outstanding, except as otherwise permitted under the Purchased Preferred Stock, the Company shall not, directly or indirectly, redeem, or declare or pay any cash dividend or distribution on, any securities of the Company without the prior express written consent of the Required Holders (other than as required by the Purchased Preferred Stock or as required by the terms thereof as in effect on the date h || ck or the Anniversary Warrants, as applicable. &nbsp; (p) Regulation M . The Company will not take any action prohibited by Regulation M under the 1934 Act, in connection with the distribution of the Securities contemplated hereby. &nbsp; (q) Integration . None of the Company, any of its affiliates (as defined in Rule 501(b) under the 1933 Act), or any person acting on behalf of the Company or such affiliate  || therein) will be subject to the review of the Buyers. The Company shall reflect in each such document when so filed with the SEC such comments regarding the Buyers and the plan of distribution as the Buyers may reasonably and promptly propose no later than two (2) Trading Days after the Buyers have been so furnished with copies of such documents as aforesaid; &nbsp; (iv) promptly prepare and file with the SEC",PRIMARY REVIEW REQUIRED
"GeoVax Labs, Inc.  (GOVX, GOVXW)  (CIK 0000832489)",0000832489,8-K,2025-03-25,https://www.sec.gov/Archives/edgar/data/832489/000143774925009141/ex_793773.htm,"tion 3 . Certain Adjustments . &nbsp; a) Stock Dividends and Splits . If the Company, at any time while this Warrant is outstanding: (i) pays a stock dividend or otherwise makes a distribution or distributions on shares of its Common Stock or any other equity or equity equivalent securities payable in shares of Common Stock (which, for avoidance of doubt, shall not include any shares of Common Stock issued by || usted such that the aggregate Exercise Price of this Warrant shall remain unchanged. Any adjustment made pursuant to this Section 3(a) shall become effective immediately after the record date for the determination of stockholders entitled to receive such dividend or distribution and shall become effective immediately after the effective date in the case of a subdivision, combination or re&#8209;classificatio || be held in abeyance for the Holder until such time, if ever, as its right thereto would not result in the Holder exceeding the Beneficial Ownership Limitation). &nbsp; c) Pro Rata Distributions . During such time as this Warrant is outstanding, if the Company shall declare or make any dividend or other distribution of its assets (or rights to acquire its assets) to holders of shares of Common Stock, by way of ||  return of capital or otherwise (including, without limitation, any distribution of cash, stock or other securities, property or options by way of a dividend, spin off, reclassification, corporate rearrangement, scheme of arrangement or other similar transaction) (a &#8220; Distribution &#8221;), at any time after the issuance of this Warrant, then, in each such case, the Holder shall ||  be entitled to participate in such Distribution to the same extent that the Holder would have participated therein if the Holder had held the number of shares of Common Stock acquirable upon complete exercise of this Warrant (without regard to any limitations on exer || cise hereof, including without limitation, the Beneficial Ownership Limitation) immediately before the date of which a record is taken for such Distribution, or, if no such record is taken, the date as of which the record holders of shares of Common Stock are to be determined for the participation in such Distribution ( provided , however , that, to the extent that the Hold || er's right to participate in any such Distribution would result in the Holder exceeding the Beneficial Ownership Limitation, then the Holder shall not be entitled to participate in such Distribution to such extent (or in the beneficial ownership of any shares of Common  || Stock as a result of such Distribution to such extent) and the portion of such Distribution shall be held in abeyance for the benefit of the Holder until such time, if ever, as its right thereto would not result in the Holder exceeding the Beneficial Ownership Limitation). &nbsp; &nbsp; &nbsp; &nbsp; d) Fundam",PRIMARY REVIEW REQUIRED
"M-tron Industries, Inc.  (MPTI)  (CIK 0001902314)",0001902314,8-K,2025-03-27,https://www.sec.gov/Archives/edgar/data/1902314/000143774925009638/ex_717151.htm,"'s Board of Directors declared a dividend of warrants to purchase shares of common stock to holders of Mtron's common stock as means of distributing value to its stockholders. The record date for the warrants is March 10, 2025. A Q&amp;A describing the anticipated terms of the warrants is available on the Investor Relations section of Mtron's website at ir.mtronpti.com . &nbsp; Investor Call &nbsp; Managemen || bsp; &nbsp; 140 &nbsp; &nbsp; &nbsp; 86 &nbsp; &nbsp; &nbsp; 2,124 &nbsp; &nbsp; &nbsp; 207 &nbsp; &nbsp; &nbsp; 201 &nbsp; &nbsp; &nbsp; 77 &nbsp; &nbsp; &nbsp; 151 &nbsp; Excess Spin-off costs &nbsp; &nbsp; &#8212; &nbsp; &nbsp; &nbsp; &#8212; &nbsp; &nbsp; &nbsp; &#8212; &nbsp; &nbsp; &nbsp; 219 &nbsp; &nbsp; &nbsp; 28 &nbsp; &nbsp; &nbsp; &#8212; &nbsp; &nbsp; &nbsp; &#8212; &nbsp; &nbsp; &nbsp; &#821",PRIMARY REVIEW REQUIRED
"Soluna Holdings, Inc  (SLNH, SLNHP)  (CIK 0000064463)",0000064463,8-K,2025-03-27,https://www.sec.gov/Archives/edgar/data/64463/000164117225000946/ex10-1.htm,"tion 8 . Certain Adjustments . &nbsp; a) Stock Dividends and Stock Splits . If Holdings, at any time while this Note is outstanding: (i) pays a stock dividend or otherwise makes a distribution or distributions payable in shares of Common Stock on shares of Common Stock or any Common Stock Equivalents (which, for avoidance of doubt, shall not include any shares of Common Stock issued by Holdings upon conversio || r shall be the number of shares of Common Stock outstanding immediately after such event. Any adjustment made pursuant to this Section shall become effective immediately after the record date for the determination of stockholders entitled to receive such dividend or distribution and shall become effective immediately after the effective date in the case of a subdivision, combination or re-classification. &nb || be held in abeyance for the Holder until such time, if ever, as its right thereto would not result in the Holder exceeding the Beneficial Ownership Limitation). &nbsp; c) Pro Rata Distributions . During such time as this Note is outstanding, if Holdings shall declare or make any dividend whether or not permitted, or makes any other distribution of its assets (or rights to acquire its assets) to holders of sha || res of Common Stock, by way of return of capital or otherwise (including, without limitation, any distribution of cash, stock or other securities, property or options by way of a dividend, spin off, reclassification, corporate rearrangement, scheme of arrangement or other similar transaction) (a &ldquo; Distribution &rdquo;), at ||  any time after the issuance of this Note, then, in each such case, the Holder shall be entitled to participate in such Distribution to the same extent that the Holder would have participated therein if the Holder had held the number of shares of Common Stock acquirable upon complete exercise of this Note (without regard to any limitations on exercis || e hereof, including without limitation, the Beneficial Ownership Limitation) immediately before the date of which a record is taken for such Distribution, or, if no such record is taken, the date as of which the record holders of shares of Common Stock are to be determined for the participation in such Distribution ( provided , however , to the extent that the Holder&rsq || uo;s right to participate in any such Distribution would result in the Holder exceeding the Beneficial Ownership Limitation, then the Holder shall not be entitled to participate in such Distribution to such extent (or in the beneficial ownership of any shares of Common  || Stock as a result of such Distribution to such extent) and the portion of such Distribution shall be held in abeyance for the benefit of the Holder until such time, if ever, as its right thereto would not result in the Holder exceeding the Beneficial Ownership Limitation). &nbsp; 12 &nbsp; &nbsp; d) Fundamenta",PRIMARY REVIEW REQUIRED
