provisional_transaction_id,issuer_key,cik,filing_count,filing_dates,filing_urls,status
SPIN-REVIEW-001,american electric power co inc,0000004904,1,2025-03-27,https://www.sec.gov/Archives/edgar/data/4904/000119312525064250/d942413d8k.htm,PROVISIONAL — VERIFY PARENT/SPINCO AND GOVERNING DOCUMENT
SPIN-REVIEW-002,soluna holdings inc,0000064463,1,2025-03-27,https://www.sec.gov/Archives/edgar/data/64463/000164117225000946/ex10-1.htm,PROVISIONAL — VERIFY PARENT/SPINCO AND GOVERNING DOCUMENT
SPIN-REVIEW-003,mdu resources group inc,0000067716,1,2025-02-06,https://www.sec.gov/Archives/edgar/data/67716/000006771625000007/a2024earningsreleaseex-99.htm,PROVISIONAL — VERIFY PARENT/SPINCO AND GOVERNING DOCUMENT
SPIN-REVIEW-004,ncr voyix corp,0000070866,1,2025-02-27,https://www.sec.gov/Archives/edgar/data/70866/000007086625000008/exhibit991-q42024earningsr.htm,PROVISIONAL — VERIFY PARENT/SPINCO AND GOVERNING DOCUMENT
SPIN-REVIEW-005,nuvera communications inc,0000071557,1,2025-03-04,https://www.sec.gov/Archives/edgar/data/71557/000143774925006011/ex_784983.htm,PROVISIONAL — VERIFY PARENT/SPINCO AND GOVERNING DOCUMENT
SPIN-REVIEW-006,western digital corp,0000106040,4,2025-01-16;2025-01-30;2025-02-03;2025-02-24,https://www.sec.gov/Archives/edgar/data/106040/000119312525007725/d856730d8k.htm;https://www.sec.gov/Archives/edgar/data/106040/000119312525017188/d916996d8k.htm;https://www.sec.gov/Archives/edgar/data/106040/000119312525019294/d922460d8k.htm;https://www.sec.gov/Archives/edgar/data/106040/000119312525033383/d847507d8k.htm,PROVISIONAL — VERIFY PARENT/SPINCO AND GOVERNING DOCUMENT
SPIN-REVIEW-007,middleby corp,0000769520,1,2025-02-25,https://www.sec.gov/Archives/edgar/data/769520/000119312525035279/d924983d8k.htm,PROVISIONAL — VERIFY PARENT/SPINCO AND GOVERNING DOCUMENT
SPIN-REVIEW-008,honeywell international inc,0000773840,1,2025-02-06,https://www.sec.gov/Archives/edgar/data/773840/000077384025000005/exhibit991-q42024earningsr.htm,PROVISIONAL — VERIFY PARENT/SPINCO AND GOVERNING DOCUMENT
SPIN-REVIEW-009,nexttrip inc,0000788611,1,2025-01-03,https://www.sec.gov/Archives/edgar/data/788611/000149315225000299/ex10-1.htm,PROVISIONAL — VERIFY PARENT/SPINCO AND GOVERNING DOCUMENT
SPIN-REVIEW-010,fastenal co,0000815556,1,2025-01-17,https://www.sec.gov/Archives/edgar/data/815556/000081555625000051/fast-20250116.htm,PROVISIONAL — VERIFY PARENT/SPINCO AND GOVERNING DOCUMENT
SPIN-REVIEW-011,geovax labs inc,0000832489,1,2025-03-25,https://www.sec.gov/Archives/edgar/data/832489/000143774925009141/ex_793773.htm,PROVISIONAL — VERIFY PARENT/SPINCO AND GOVERNING DOCUMENT
SPIN-REVIEW-012,clearone inc,0000840715,1,2025-01-15,https://www.sec.gov/Archives/edgar/data/840715/000175392625000093/clro-20250115.htm,PROVISIONAL — VERIFY PARENT/SPINCO AND GOVERNING DOCUMENT
SPIN-REVIEW-013,borgwarner inc,0000908255,1,2025-02-06,https://www.sec.gov/Archives/edgar/data/908255/000090825525000003/a20241231ex991pressrelease.htm,PROVISIONAL — VERIFY PARENT/SPINCO AND GOVERNING DOCUMENT
SPIN-REVIEW-014,labcorp holdings inc,0000920148,1,2025-02-06,https://www.sec.gov/Archives/edgar/data/920148/000092014825000021/form8-kerex991for4q24.htm,PROVISIONAL — VERIFY PARENT/SPINCO AND GOVERNING DOCUMENT
SPIN-REVIEW-015,lennar corp new,0000920760,4,2025-01-13;2025-01-21;2025-02-07;2025-03-20,https://www.sec.gov/Archives/edgar/data/920760/000119312525004622/d917261d8k.htm;https://www.sec.gov/Archives/edgar/data/920760/000119312525009205/d913968d8k.htm;https://www.sec.gov/Archives/edgar/data/920760/000119312525022309/d933374d8k.htm;https://www.sec.gov/Archives/edgar/data/920760/000162828025014148/ex991-2025228x8kq1.htm,PROVISIONAL — VERIFY PARENT/SPINCO AND GOVERNING DOCUMENT
SPIN-REVIEW-016,pricesmart inc,0001041803,1,2025-03-03,https://www.sec.gov/Archives/edgar/data/1041803/000104180325000014/ceosuccessionpressreleasev.htm,PROVISIONAL — VERIFY PARENT/SPINCO AND GOVERNING DOCUMENT
SPIN-REVIEW-017,microstrategy inc,0001050446,1,2025-02-05,https://www.sec.gov/Archives/edgar/data/1050446/000119312525020868/d791994d8k.htm,PROVISIONAL — VERIFY PARENT/SPINCO AND GOVERNING DOCUMENT
SPIN-REVIEW-018,charter communications inc mo,0001091667,1,2025-02-27,https://www.sec.gov/Archives/edgar/data/1091667/000109166725000045/a022625chtr8-kexh991.htm,PROVISIONAL — VERIFY PARENT/SPINCO AND GOVERNING DOCUMENT
SPIN-REVIEW-019,bread financial holdings inc,0001101215,1,2025-03-10,https://www.sec.gov/Archives/edgar/data/1101215/000110121525000054/bfh-20250310.htm,PROVISIONAL — VERIFY PARENT/SPINCO AND GOVERNING DOCUMENT
SPIN-REVIEW-020,illumina inc,0001110803,1,2025-02-06,https://www.sec.gov/Archives/edgar/data/1110803/000111080325000014/a4q24earningsrelease.htm,PROVISIONAL — VERIFY PARENT/SPINCO AND GOVERNING DOCUMENT
SPIN-REVIEW-021,comstock inc,0001120970,3,2025-01-13;2025-03-06,https://www.sec.gov/Archives/edgar/data/1120970/000143774925000902/ex_764363.htm;https://www.sec.gov/Archives/edgar/data/1120970/000143774925000923/ex_764695.htm;https://www.sec.gov/Archives/edgar/data/1120970/000143774925006463/ex_786451.htm,PROVISIONAL — VERIFY PARENT/SPINCO AND GOVERNING DOCUMENT
SPIN-REVIEW-022,prairie operating co,0001162896,2,2025-03-24;2025-03-26,https://www.sec.gov/Archives/edgar/data/1162896/000164117225000369/ex99-1.htm;https://www.sec.gov/Archives/edgar/data/1162896/000164117225000762/ex1-1.htm,PROVISIONAL — VERIFY PARENT/SPINCO AND GOVERNING DOCUMENT
SPIN-REVIEW-023,verint systems inc,0001166388,1,2025-01-14,https://www.sec.gov/Archives/edgar/data/1166388/000116638825000002/exh991-vrntjan1420258xkx20.htm,PROVISIONAL — VERIFY PARENT/SPINCO AND GOVERNING DOCUMENT
SPIN-REVIEW-024,comcast corp,0001166691,1,2025-03-19,https://www.sec.gov/Archives/edgar/data/1166691/000095010325003639/dp226495_8k.htm,PROVISIONAL — VERIFY PARENT/SPINCO AND GOVERNING DOCUMENT
SPIN-REVIEW-025,liberty star uranium metals corp,0001172178,1,2025-03-13,https://www.sec.gov/Archives/edgar/data/1172178/000149315225010095/ex3-55.htm,PROVISIONAL — VERIFY PARENT/SPINCO AND GOVERNING DOCUMENT
SPIN-REVIEW-026,oramed pharmaceuticals inc,0001176309,1,2025-02-11,https://www.sec.gov/Archives/edgar/data/1176309/000121390025012244/ea0229914-8k_oramed.htm,PROVISIONAL — VERIFY PARENT/SPINCO AND GOVERNING DOCUMENT
SPIN-REVIEW-027,vivani medical inc,0001266806,4,2025-03-13;2025-03-26;2025-03-27;2025-03-31,https://www.sec.gov/Archives/edgar/data/1266806/000175392625000438/ex991_1.htm;https://www.sec.gov/Archives/edgar/data/1266806/000175392625000488/ex991_1.htm;https://www.sec.gov/Archives/edgar/data/1266806/000175392625000495/ex101_1.htm;https://www.sec.gov/Archives/edgar/data/1266806/000175392625000526/ex991_1.htm,PROVISIONAL — VERIFY PARENT/SPINCO AND GOVERNING DOCUMENT
SPIN-REVIEW-028,herc holdings inc,0001364479,1,2025-02-13,https://www.sec.gov/Archives/edgar/data/1364479/000136447925000006/herc2024q4-pressrelease.htm,PROVISIONAL — VERIFY PARENT/SPINCO AND GOVERNING DOCUMENT
SPIN-REVIEW-029,ellington financial inc,0001411342,1,2025-03-11,https://www.sec.gov/Archives/edgar/data/1411342/000141134225000023/efc-20250311.htm,PROVISIONAL — VERIFY PARENT/SPINCO AND GOVERNING DOCUMENT
SPIN-REVIEW-030,fluent inc,0001460329,1,2025-03-21,https://www.sec.gov/Archives/edgar/data/1460329/000143774925008666/ex_792735.htm,PROVISIONAL — VERIFY PARENT/SPINCO AND GOVERNING DOCUMENT
SPIN-REVIEW-031,aptiv plc,0001521332,1,2025-02-06,https://www.sec.gov/Archives/edgar/data/1521332/000152133225000006/aptv-20250206.htm,PROVISIONAL — VERIFY PARENT/SPINCO AND GOVERNING DOCUMENT
SPIN-REVIEW-032,biosig technologies inc,0001530766,1,2025-03-05,https://www.sec.gov/Archives/edgar/data/1530766/000149315225009213/ex10-1.htm,PROVISIONAL — VERIFY PARENT/SPINCO AND GOVERNING DOCUMENT
SPIN-REVIEW-033,liberty global ltd,0001570585,1,2025-02-18,https://www.sec.gov/Archives/edgar/data/1570585/000157058525000022/ex991lgq42024pressrelease.htm,PROVISIONAL — VERIFY PARENT/SPINCO AND GOVERNING DOCUMENT
SPIN-REVIEW-034,focus universal inc,0001590418,1,2025-02-20,https://www.sec.gov/Archives/edgar/data/1590418/000168316825001149/focus_8k.htm,PROVISIONAL — VERIFY PARENT/SPINCO AND GOVERNING DOCUMENT
SPIN-REVIEW-035,lifeward ltd,0001607962,2,2025-01-08,https://www.sec.gov/Archives/edgar/data/1607962/000117891325000072/exhibit_4-1.htm;https://www.sec.gov/Archives/edgar/data/1607962/000117891325000065/exhibit_10-1.htm,PROVISIONAL — VERIFY PARENT/SPINCO AND GOVERNING DOCUMENT
SPIN-REVIEW-036,cottonwood communities inc,0001692951,1,2025-01-13,https://www.sec.gov/Archives/edgar/data/1692951/000169295125000053/cci-20241205.htm,PROVISIONAL — VERIFY PARENT/SPINCO AND GOVERNING DOCUMENT
SPIN-REVIEW-037,baker hughes co,0001701605,1,2025-03-31,https://www.sec.gov/Archives/edgar/data/1701605/000119312525067691/d907259d8k.htm,PROVISIONAL — VERIFY PARENT/SPINCO AND GOVERNING DOCUMENT
SPIN-REVIEW-038,fat brands inc,0001705012,3,2025-01-17;2025-01-30;2025-03-24,https://www.sec.gov/Archives/edgar/data/1705012/000149315225002733/ex99-1.htm;https://www.sec.gov/Archives/edgar/data/1705012/000149315225004252/form8-k.htm;https://www.sec.gov/Archives/edgar/data/1705012/000164117225000309/form8-k.htm,PROVISIONAL — VERIFY PARENT/SPINCO AND GOVERNING DOCUMENT
SPIN-REVIEW-039,ensysce biosciences inc,0001716947,1,2025-03-31,https://www.sec.gov/Archives/edgar/data/1716947/000164117225001751/ex10-1.htm,PROVISIONAL — VERIFY PARENT/SPINCO AND GOVERNING DOCUMENT
SPIN-REVIEW-040,t stamp inc,0001718939,1,2025-01-10,https://www.sec.gov/Archives/edgar/data/1718939/000171893925000014/a101securitiespurchaseagre.htm,PROVISIONAL — VERIFY PARENT/SPINCO AND GOVERNING DOCUMENT
SPIN-REVIEW-041,nrx pharmaceuticals inc,0001719406,1,2025-01-29,https://www.sec.gov/Archives/edgar/data/1719406/000143774925002160/ex_771257.htm,PROVISIONAL — VERIFY PARENT/SPINCO AND GOVERNING DOCUMENT
SPIN-REVIEW-042,northwest natural holding co,0001733998,1,2025-03-18,https://www.sec.gov/Archives/edgar/data/1733998/000173399825000078/ex1underwritingagreement.htm,PROVISIONAL — VERIFY PARENT/SPINCO AND GOVERNING DOCUMENT
SPIN-REVIEW-043,lodging fund reit iii inc,0001745032,1,2025-01-03,https://www.sec.gov/Archives/edgar/data/1745032/000155837025000020/lfr-20241224x8k.htm,PROVISIONAL — VERIFY PARENT/SPINCO AND GOVERNING DOCUMENT
SPIN-REVIEW-044,celularity inc,0001752828,1,2025-01-03,https://www.sec.gov/Archives/edgar/data/1752828/000149315225000294/ex10-1.htm,PROVISIONAL — VERIFY PARENT/SPINCO AND GOVERNING DOCUMENT
SPIN-REVIEW-045,safety shot inc,0001760903,1,2025-03-31,https://www.sec.gov/Archives/edgar/data/1760903/000164117225001805/ex99-1.htm,PROVISIONAL — VERIFY PARENT/SPINCO AND GOVERNING DOCUMENT
SPIN-REVIEW-046,iac inc,0001800227,2,2025-01-15;2025-02-11,https://www.sec.gov/Archives/edgar/data/1800227/000180022725000003/ex-991xsupplementalfinanci.htm;https://www.sec.gov/Archives/edgar/data/1800227/000180022725000006/ex_991q42024iac-pressrelea.htm,PROVISIONAL — VERIFY PARENT/SPINCO AND GOVERNING DOCUMENT
SPIN-REVIEW-047,composecure inc,0001823144,1,2025-03-05,https://www.sec.gov/Archives/edgar/data/1823144/000095014225000636/eh250596910_8k.htm,PROVISIONAL — VERIFY PARENT/SPINCO AND GOVERNING DOCUMENT
SPIN-REVIEW-048,n able inc,0001834488,2,2025-03-03;2025-03-13,https://www.sec.gov/Archives/edgar/data/1834488/000183448825000039/nabl-20241231x8kxex991.htm;https://www.sec.gov/Archives/edgar/data/1834488/000183448825000063/n-able2025investordaypre.htm,PROVISIONAL — VERIFY PARENT/SPINCO AND GOVERNING DOCUMENT
SPIN-REVIEW-049,lanzatech global inc,0001843724,1,2025-03-04,https://www.sec.gov/Archives/edgar/data/1843724/000162828025009942/amci-20250304.htm,PROVISIONAL — VERIFY PARENT/SPINCO AND GOVERNING DOCUMENT
SPIN-REVIEW-050,zyversa therapeutics inc,0001859007,1,2025-03-07,https://www.sec.gov/Archives/edgar/data/1859007/000149315225009571/ex10-1.htm,PROVISIONAL — VERIFY PARENT/SPINCO AND GOVERNING DOCUMENT
SPIN-REVIEW-051,jet ai inc,0001861622,1,2025-02-20,https://www.sec.gov/Archives/edgar/data/1861622/000149315225007719/ex10-1.htm,PROVISIONAL — VERIFY PARENT/SPINCO AND GOVERNING DOCUMENT
SPIN-REVIEW-052,ftai infrastructure inc,0001899883,1,2025-02-27,https://www.sec.gov/Archives/edgar/data/1899883/000114036125006134/ef20044412_8k.htm,PROVISIONAL — VERIFY PARENT/SPINCO AND GOVERNING DOCUMENT
SPIN-REVIEW-053,m tron industries inc,0001902314,1,2025-03-27,https://www.sec.gov/Archives/edgar/data/1902314/000143774925009638/ex_717151.htm,PROVISIONAL — VERIFY PARENT/SPINCO AND GOVERNING DOCUMENT
SPIN-REVIEW-054,wk kellogg co,0001959348,1,2025-02-11,https://www.sec.gov/Archives/edgar/data/1959348/000162828025004776/klg-2024q4exhibit991.htm,PROVISIONAL — VERIFY PARENT/SPINCO AND GOVERNING DOCUMENT
SPIN-REVIEW-055,kairos pharma ltd,0001962011,1,2025-01-17,https://www.sec.gov/Archives/edgar/data/1962011/000149315225002832/ex10-1.htm,PROVISIONAL — VERIFY PARENT/SPINCO AND GOVERNING DOCUMENT
SPIN-REVIEW-056,solventum corp,0001964738,1,2025-02-27,https://www.sec.gov/Archives/edgar/data/1964738/000196473825000013/q42024-8kerexx991.htm,PROVISIONAL — VERIFY PARENT/SPINCO AND GOVERNING DOCUMENT
SPIN-REVIEW-057,fortrea holdings inc,0001965040,1,2025-02-21,https://www.sec.gov/Archives/edgar/data/1965040/000119312525032114/d868928d8k.htm,PROVISIONAL — VERIFY PARENT/SPINCO AND GOVERNING DOCUMENT
SPIN-REVIEW-058,ncr atleos corp,0001974138,1,2025-03-03,https://www.sec.gov/Archives/edgar/data/1974138/000197413825000014/ex-991ncratleosq42024earni.htm,PROVISIONAL — VERIFY PARENT/SPINCO AND GOVERNING DOCUMENT
SPIN-REVIEW-059,inhibrx biosciences inc,0002007919,2,2025-01-13;2025-03-17,https://www.sec.gov/Archives/edgar/data/2007919/000200791925000003/exhibit101-oxfordlsa.htm;https://www.sec.gov/Archives/edgar/data/2007919/000200791925000020/exhibit99112312024.htm,PROVISIONAL — VERIFY PARENT/SPINCO AND GOVERNING DOCUMENT
SPIN-REVIEW-060,twin hospitality group inc,0002011954,3,2025-01-10;2025-01-17;2025-01-30,https://www.sec.gov/Archives/edgar/data/2011954/000149315225001566/ex10-3.htm;https://www.sec.gov/Archives/edgar/data/2011954/000149315225002824/ex99-1.htm;https://www.sec.gov/Archives/edgar/data/2011954/000149315225004240/ex10-1.htm,PROVISIONAL — VERIFY PARENT/SPINCO AND GOVERNING DOCUMENT
SPIN-REVIEW-061,everus construction group inc,0002015845,1,2025-02-11,https://www.sec.gov/Archives/edgar/data/2015845/000201584525000005/a2024q4ex99-ecg.htm,PROVISIONAL — VERIFY PARENT/SPINCO AND GOVERNING DOCUMENT
SPIN-REVIEW-062,millrose properties inc,0002017206,1,2025-02-07,https://www.sec.gov/Archives/edgar/data/2017206/000119312525022336/d760441d8k.htm,PROVISIONAL — VERIFY PARENT/SPINCO AND GOVERNING DOCUMENT
SPIN-REVIEW-063,sandisk corp,0002023554,4,2025-01-21;2025-01-27;2025-02-03;2025-02-24,https://www.sec.gov/Archives/edgar/data/2023554/000119312525008947/d835366d1012ba.htm;https://www.sec.gov/Archives/edgar/data/2023554/000119312525013282/d835366d1012ba.htm;https://www.sec.gov/Archives/edgar/data/2023554/000119312525019298/d919795d8k.htm;https://www.sec.gov/Archives/edgar/data/2023554/000119312525033433/d849281d8k.htm,PROVISIONAL — VERIFY PARENT/SPINCO AND GOVERNING DOCUMENT
SPIN-REVIEW-064,amrize ltd,0002035989,1,2025-02-28,https://www.sec.gov/Archives/edgar/data/2035989/000114036125006351/ny20033749x8_1012b.htm,PROVISIONAL — VERIFY PARENT/SPINCO AND GOVERNING DOCUMENT
SPIN-REVIEW-065,resolute holdings management inc,0002039497,6,2025-01-24;2025-02-07;2025-02-10;2025-02-19;2025-02-28,https://www.sec.gov/Archives/edgar/data/2039497/000110465925006034/tm2425234-9_1012ba.htm;https://www.sec.gov/Archives/edgar/data/2039497/000110465925010443/tm2425234-13_1012ba.htm;https://www.sec.gov/Archives/edgar/data/2039497/000110465925010902/tm2425234-18_1012ba.htm;https://www.sec.gov/Archives/edgar/data/2039497/000095014225000443/eh250593103_8k.htm;https://www.sec.gov/Archives/edgar/data/2039497/000095014225000558/eh250596666_8k.htm;https://www.sec.gov/Archives/edgar/data/2039497/000095014225000550/eh250596652_8k.htm,PROVISIONAL — VERIFY PARENT/SPINCO AND GOVERNING DOCUMENT
SPIN-REVIEW-066,electrified materials corp in,0002049860,3,2025-01-30;2025-02-12;2025-02-26,https://www.sec.gov/Archives/edgar/data/2049860/000147793225000531/ems_1012ba.htm;https://www.sec.gov/Archives/edgar/data/2049860/000147793225000921/ems_1012ba.htm;https://www.sec.gov/Archives/edgar/data/2049860/000147793225001261/ems_1012ba.htm,PROVISIONAL — VERIFY PARENT/SPINCO AND GOVERNING DOCUMENT
