ticker,Date,nav,premium_reported,prem_next
DECO,2025-07-01,36.686165,0.020957080000000003,0.00268293
DECO,2026-06-03,80.801008,0.10567928,0.0010937
EEMX,2025-02-24,34.598947,-0.014565390000000001,-0.0020341400000000003
EEMX,2025-02-27,34.289283,-0.01281109,-0.0039035700000000003
EEMX,2025-03-03,33.480456,-0.01449968,0.0006805
EEMX,2025-03-06,34.53675,-0.01061912,-0.0037318200000000003
EEMX,2025-03-10,33.947196,-0.014498869999999999,-0.00257645
EEMX,2025-03-17,34.535393,0.01374263,-0.005052879999999999
EEMX,2025-03-28,34.120973,-0.01087229,0.0026317099999999998
EEMX,2025-04-03,33.581786,-0.01404887,-0.03048179
EEMX,2025-04-04,32.294391,-0.03048179,-0.01307589
EEMX,2025-04-07,30.458269,-0.01307589,-0.028921389999999998
EEMX,2025-04-08,30.553654,-0.028921389999999998,0.04987928
EEMX,2025-04-09,30.251097,0.04987928,-0.0118872
EEMX,2025-04-10,31.565222,-0.0118872,0.009359840000000001
EEMX,2025-04-24,33.321249,0.01076643,0.00265816
EEMX,2025-08-22,39.009296,0.01373273,-0.00652115
EEMX,2025-10-10,42.001685,-0.0311103,0.00143817
EEMX,2025-10-17,42.112307,0.011105849999999999,0.00802701
EEMX,2025-11-05,42.748761,0.01078953,-0.004613959999999999
EEMX,2025-11-13,43.548853,-0.01340685,0.00415788
EEMX,2025-11-20,42.302108,-0.01837043,0.00912172
EEMX,2025-11-24,41.400222,0.01183032,0.0064344400000000005
EEMX,2025-12-12,42.177496,-0.013929130000000001,-0.00406805
EEMX,2026-01-12,44.631123,0.01173793,0.00128273
EEMX,2026-02-02,45.480372,0.01648245,-0.00647339
EEMX,2026-02-04,46.595538,-0.01621481,-0.00397954
EEMX,2026-02-06,45.795645,0.023132220000000002,0.00796002
EEMX,2026-02-20,47.695573,0.01822867,-0.0015490399999999998
EEMX,2026-03-03,46.445116,-0.01647355,0.035979779999999996
EEMX,2026-03-04,44.749908,0.035979779999999996,-0.01594512
EEMX,2026-03-05,45.7444,-0.01594512,-0.01985111
EEMX,2026-03-06,45.600215,-0.01985111,0.03324879
EEMX,2026-03-09,44.181034,0.03324879,0.00230123
EEMX,2026-03-12,45.380958,-0.01952268,-0.00735361
EEMX,2026-03-16,45.060539,0.01452404,0.00802369
EEMX,2026-03-18,46.239967,-0.027032180000000003,0.00314728
EEMX,2026-03-20,44.531696,-0.02563783,0.037823760000000005
EEMX,2026-03-23,43.210612,0.037823760000000005,0.00419087
EEMX,2026-03-26,44.087135,-0.018421129999999997,-0.01756686
EEMX,2026-03-27,43.748524,-0.01756686,-0.00740173
EEMX,2026-03-31,42.556904,0.03860939,0.00455868
EEMX,2026-04-09,46.627491,0.01131326,-0.00017819000000000003
EEMX,2026-04-13,46.835658,0.01642642,0.01574921
EEMX,2026-04-14,47.782464,0.01574921,0.00442225
EEMX,2026-04-17,48.780454,0.01987571,0.00899728
EEMX,2026-04-21,49.350916,-0.01572242,0.008058889999999999
EEMX,2026-04-24,49.200709,0.01055454,-0.00322294
EEMX,2026-04-29,49.389611,-0.01011571,0.02041213
EEMX,2026-04-30,48.81851,0.02041213,0.02329415
EEMX,2026-05-01,48.861806,0.02329415,-0.0075206399999999994
EEMX,2026-05-05,50.3455,0.01339742,0.014614579999999999
EEMX,2026-05-06,52.004969,0.014614579999999999,-0.01343326
EEMX,2026-05-07,52.794198,-0.01343326,0.014629360000000001
EEMX,2026-05-08,52.4083,0.014629360000000001,0.00716647
EEMX,2026-05-12,52.069132,-0.01121839,0.00694655
EEMX,2026-05-20,50.190833,0.022497470000000002,0.00644541
EEMX,2026-05-26,52.87276,0.01564586,0.00393498
EEMX,2026-05-28,53.040862,0.01572633,-0.00016431
EEMX,2026-06-01,54.495294,0.01054597,0.009729370000000001
EEMX,2026-06-05,52.803568,-0.042583640000000006,0.01322881
EEMX,2026-06-08,50.955914,0.01322881,-0.01950367
EEMX,2026-06-09,52.769193,-0.01950367,-0.011195459999999999
EEMX,2026-06-10,51.370112,-0.011195459999999999,0.03615686
EEMX,2026-06-11,51.309799,0.03615686,0.00883009
EEMX,2026-06-15,54.496293,0.01300468,-0.00953906
EEMX,2026-06-17,55.077885,-0.014668049999999998,0.01124158
EEMX,2026-06-18,55.33297,0.01124158,0.00948867
EEMX,2026-06-25,54.288153,-0.0101892,0.006057280000000001
EEMX,2026-06-29,52.761351,0.010872520000000002,0.01636433
EEMX,2026-06-30,53.297817,0.01636433,-0.01195441
EEMX,2026-07-01,53.287015,-0.01195441,-0.00415618
EEMX,2026-07-09,51.87003,0.01783246,0.01093901
EEMX,2026-07-10,52.322642,0.01093901,-0.00147017
EEMX,2026-07-14,51.107817,0.01461974,-0.00936716
EEMX,2026-07-16,51.483022,-0.01676324,-0.0046326299999999996
EEMX,2026-07-23,51.670064,-0.01432288,-0.007348940000000001
EEMX,2026-07-27,50.823442,-0.012955479999999998,0.00454809
EEMX,2026-07-30,48.261271,0.040171530000000004,-0.01873635
EEMX,2026-07-31,51.515207,-0.01873635,0.00345535
EEMX,2026-08-04,51.073693,0.02312946,-0.0033960600000000002
EEMX,2026-08-07,51.302727,0.014565950000000001,-0.00198183
EEMX,2026-08-18,52.473375,-0.01626301,0.010417000000000001
EEMX,2026-08-19,51.666787,0.010417000000000001,-0.00102217
EEMX,2026-09-01,53.51978,-0.0140094,0.00574044
EEMX,2026-09-03,52.75567,0.010507500000000001,0.01469736
EEMX,2026-09-04,53.488855,0.01469736,0.00071141
EEMX,2026-09-10,54.095593,-0.02145448,0.00413643
EEMX,2026-09-17,52.371524,0.010568260000000001,
EMHC,2025-04-04,23.819931,-0.0100727,-0.00746479
EMHC,2025-04-08,23.404052,-0.01363234,0.01665273
EMHC,2025-04-09,23.262614,0.01665273,-0.00686531
HECO,2025-07-01,32.883816,0.02041077,-0.00102712
MBND,2025-04-09,26.301871,0.01494681,-0.0040311900000000005
MYHE,2026-08-17,24.802271,0.01260889,0.010398860000000001
MYHE,2026-08-18,24.742704,0.010398860000000001,0.00230789
MYMH,2025-04-09,23.869317,0.01071179,-0.0013199099999999999
MYMJ,2025-04-09,23.86068,0.013173140000000002,-0.00184524
NZAC,2025-04-09,33.793877,0.019859309999999998,-0.00054097
ONEO,2025-04-24,112.792816,0.010879980000000001,-9.168e-05
QEMM,2025-01-10,56.957501,-0.011894849999999998,-0.00291866
QEMM,2025-02-07,58.592528,-0.01361143,-0.00291103
QEMM,2025-02-21,59.40126,-0.01054287,-0.012483550000000001
QEMM,2025-02-24,58.95598,-0.012483550000000001,-0.00257511
QEMM,2025-02-27,58.363977,-0.015574280000000001,-0.00510779
QEMM,2025-03-03,57.322829,-0.01147586,-0.00469717
QEMM,2025-03-06,58.513008,-0.01397993,-0.00718199
QEMM,2025-03-10,57.792244,-0.013189379999999999,-0.00414026
QEMM,2025-03-26,58.919898,-0.01043617,-0.00489188
QEMM,2025-03-28,58.409276,-0.01214321,-0.00155887
QEMM,2025-04-03,57.698011,-0.01738381,-0.024778989999999997
QEMM,2025-04-04,55.628416,-0.024778989999999997,-0.013777939999999999
QEMM,2025-04-07,53.304425,-0.013777939999999999,-0.02751351
QEMM,2025-04-08,53.414624,-0.02751351,0.04412956999999999
QEMM,2025-04-09,53.072915,0.04412956999999999,-0.00959027
QEMM,2025-04-21,56.780295,-0.01189312,0.0015508
QEMM,2025-05-15,61.502907,0.01483008,-0.00600838
QEMM,2025-07-30,63.814954,-0.01316234,-0.0103312
QEMM,2025-07-31,63.40505,-0.0103312,-0.00256769
QEMM,2025-08-12,64.225361,0.01167201,0.0009324
QEMM,2025-08-19,64.52954,-0.01037571,-0.00326326
QEMM,2025-10-09,67.443981,-0.01221727,-0.02921687
QEMM,2025-10-10,66.698728,-0.02921687,-0.00693055
QEMM,2025-11-13,69.301627,-0.015535380000000001,-0.0027396
QEMM,2025-11-17,68.525109,-0.014521820000000001,-0.0002533
QEMM,2025-11-20,67.724552,-0.01822902,0.00026588
QEMM,2025-12-12,66.025627,-0.01114154,-0.00470112
QEMM,2026-01-23,70.155174,0.010331749999999999,0.00239681
QEMM,2026-02-02,69.918678,0.01739624,-0.00021929
QEMM,2026-02-06,70.654513,0.02024622,0.01190605
QEMM,2026-02-09,71.898967,0.01190605,0.007078
QEMM,2026-02-20,72.718343,0.01817502,0.003138
QEMM,2026-02-24,73.617341,0.01144647,0.007861479999999999
QEMM,2026-03-03,71.176951,-0.01920497,0.024780060000000003
QEMM,2026-03-04,69.219731,0.024780060000000003,-0.01281952
QEMM,2026-03-05,70.432916,-0.01281952,-0.01970108
QEMM,2026-03-06,70.254081,-0.01970108,0.02830148
QEMM,2026-03-09,68.554798,0.02830148,-0.0037056800000000003
QEMM,2026-03-12,69.912217,-0.017553680000000002,-0.00421614
QEMM,2026-03-18,70.634505,-0.017265,0.00298156
QEMM,2026-03-20,68.890148,-0.01713087,0.02867499
QEMM,2026-03-23,67.334193,0.02867499,0.0068175399999999995
QEMM,2026-03-26,68.764724,-0.01279325,-0.00636153
QEMM,2026-03-31,67.0354,0.03460261,0.00800582
QEMM,2026-04-06,68.972386,0.01083932,0.00608398
QEMM,2026-04-13,72.606073,0.01424023,0.013155889999999998
QEMM,2026-04-14,73.715211,0.013155889999999998,0.004624130000000001
QEMM,2026-04-17,75.406376,0.0156966,0.01001097
QEMM,2026-04-20,75.479378,0.01001097,-0.011389370000000001
QEMM,2026-04-21,76.137154,-0.011389370000000001,0.00640779
QEMM,2026-04-24,75.880566,0.01218275,-0.00098079
QEMM,2026-04-30,75.896045,0.01645613,0.01828393
QEMM,2026-05-01,75.946401,0.01828393,-0.0038626500000000005
QEMM,2026-05-05,77.529677,0.01174161,0.01180285
QEMM,2026-05-06,79.526362,0.01180285,-0.01019403
QEMM,2026-05-07,80.217742,-0.01019403,0.0112867
QEMM,2026-05-08,79.88338,0.0112867,0.00594853
QEMM,2026-05-14,79.689393,0.0163837,-0.00432554
QEMM,2026-05-20,76.734607,0.01688147,0.00791071
QEMM,2026-05-26,80.892257,0.0116543,-0.00204968
QEMM,2026-05-28,80.791858,0.012602040000000002,-0.00068174
QEMM,2026-06-05,79.432964,-0.02949612,0.00721264
QEMM,2026-06-09,79.592231,-0.01089593,-0.00692285
QEMM,2026-06-11,77.933531,0.027093199999999998,0.00536149
QEMM,2026-06-15,81.579562,0.01085367,-0.00398994
QEMM,2026-06-17,81.815714,-0.011070169999999999,0.007536070000000001
QEMM,2026-06-29,78.132226,0.01053053,0.014857819999999999
QEMM,2026-06-30,78.661265,0.014857819999999999,-0.00588562
QEMM,2026-07-09,77.963344,0.01118033,0.00788343
QEMM,2026-07-23,78.453293,-0.01145004,-0.00218872
QEMM,2026-07-30,75.419439,0.02380767,-0.00401957
QEMM,2026-08-04,78.562911,0.01581012,-0.00367892
QEMM,2026-09-01,82.657694,-0.01364294,0.0027516600000000004
QEMM,2026-09-10,82.625539,-0.01646633,0.00141848
QWLD,2025-04-04,118.972647,-0.010865080000000001,-0.00142182
QWLD,2025-04-09,120.881462,0.01645031,-0.0038135400000000002
RWX,2025-04-03,25.076716,-0.011234170000000002,-0.01808243
RWX,2025-04-04,24.289208,-0.01808243,0.00144035
RWX,2025-04-08,23.405882,-0.013495839999999999,0.03139596
RWX,2025-04-09,23.16763,0.03139596,-0.00712008
RWX,2025-04-11,24.427943,0.01216054,0.0053780600000000005
RWX,2026-03-09,28.270763,0.01199957,-0.0028953299999999998
RWX,2026-03-18,28.282547,-0.01440984,0.00305879
RWX,2026-03-20,27.370972,-0.01245743,0.01007536
RWX,2026-03-23,26.735629,0.01007536,0.00119187
RWX,2026-03-31,26.373949,0.012741780000000001,-0.00197787
RWX,2026-04-21,28.613596,-0.01043546,-0.00321959
RWX,2026-05-07,28.586459,-0.013344050000000001,-0.0005341300000000001
RWX,2026-06-11,27.040444,0.014776240000000001,0.00417829
RWX,2026-06-17,27.275979,-0.01011802,-0.00247864
SPDG,2026-05-07,44.505929,0.08682149,-0.00029758
SPIN,2026-05-07,32.021585,-0.04939122,-0.00010456
SPIN,2026-06-26,31.630943,-0.0235827,-0.00090921
TEKX,2026-09-02,59.837268,-0.014577340000000001,-0.00129133
WDIV,2025-04-04,62.785524,-0.011714869999999999,-0.0014838299999999998
WDIV,2025-04-08,60.584454,-0.01336075,0.02201342
WDIV,2025-04-09,61.080411,0.02201342,-0.00220049
WDIV,2026-03-09,78.078381,0.01065108,-0.00270348
WDIV,2026-03-31,76.20681,0.01126133,-0.00023626999999999999
WDIV,2026-06-11,81.324393,0.01187352,0.0026805699999999997
XCNY,2025-01-15,23.493677,0.01303853,0.00279292
XCNY,2025-03-14,23.056443,0.013382680000000001,0.016610279999999998
XCNY,2025-03-17,23.258667,0.016610279999999998,0.0045901
XCNY,2025-04-03,23.251201,-0.012309079999999998,-0.02346003
XCNY,2025-04-04,22.282754,-0.02346003,-0.005664519999999999
XCNY,2025-04-08,21.368538,-0.01467288,0.06294696
XCNY,2025-04-09,20.97941,0.06294696,0.00296761
XCNY,2025-04-11,22.220106,0.01147132,0.01114771
XCNY,2025-04-14,22.444792,0.01114771,-0.00050458
XCNY,2025-04-24,23.387163,0.011024719999999998,0.0071702
XCNY,2025-05-13,24.815351,0.01106771,0.00231219
XCNY,2025-08-22,26.205588,0.012761100000000001,-0.0006993199999999999
XCNY,2025-10-10,27.310803,-0.01540793,0.0055448500000000005
XCNY,2025-11-20,27.772443,-0.013770590000000001,0.00614198
XCNY,2026-01-27,29.897991,0.010937490000000001,0.00187648
XCNY,2026-02-02,29.377188,0.019838929999999998,-0.00173501
XCNY,2026-02-06,29.779852,0.01696274,0.00966956
XCNY,2026-02-20,30.626815,0.01659281,0.0025831900000000004
XCNY,2026-02-24,31.037581,0.01038802,0.00519737
XCNY,2026-03-03,29.817336,-0.011313420000000001,0.01635829
XCNY,2026-03-04,29.266254,0.01635829,-0.00617276
XCNY,2026-03-06,29.274458,-0.0117665,0.0248929
XCNY,2026-03-09,28.544446,0.0248929,0.0066097099999999995
XCNY,2026-03-12,28.969836,-0.013456619999999999,-0.00432333
XCNY,2026-03-16,28.583003,0.013189550000000001,0.00732774
XCNY,2026-03-18,29.216735,-0.01306563,0.0063589200000000005
XCNY,2026-03-20,28.35921,-0.012313810000000001,0.03211853
XCNY,2026-03-23,27.927994,0.03211853,0.00844642
XCNY,2026-03-26,28.604357,-0.01221342,-0.0101111
XCNY,2026-03-27,28.245594,-0.0101111,-0.00038544
XCNY,2026-03-31,27.805407,0.03541013,0.00868263
XCNY,2026-04-06,28.589689,0.010853950000000001,0.00835839
XCNY,2026-04-09,30.108592,0.01017676,0.00180062
XCNY,2026-04-13,30.402854,0.01585858,0.014659740000000001
XCNY,2026-04-14,30.862563,0.014659740000000001,0.00681292
XCNY,2026-04-17,31.36451,0.0169137,0.01019543
XCNY,2026-04-20,31.281076,0.01019543,-0.0066031399999999995
XCNY,2026-04-24,31.455058,0.01478115,0.00021399
XCNY,2026-04-30,31.243762,0.02100381,0.019159759999999998
XCNY,2026-05-01,31.285576,0.019159759999999998,-0.00164402
XCNY,2026-05-06,32.637408,0.014786470000000001,-0.00509552
XCNY,2026-05-14,32.324103,0.01131963,-0.00381029
XCNY,2026-05-20,31.431585,0.018084199999999998,0.0082337
XCNY,2026-05-26,32.986376,0.01041715,0.00608599
XCNY,2026-05-28,33.052857,0.01262048,-6.528e-05
XCNY,2026-06-02,33.579895,0.01280841,-0.00363636
XCNY,2026-06-05,33.013112,-0.026901799999999997,0.00752682
XCNY,2026-06-11,32.121437,0.025483389999999998,0.00615685
XCNY,2026-06-15,33.610221,0.010109390000000001,-0.0059358100000000006
XCNY,2026-06-18,33.988016,0.01079745,0.01002944
XCNY,2026-06-22,34.053463,0.01002944,-0.011711590000000001
XCNY,2026-06-23,33.603551,-0.011711590000000001,-0.00077382
XCNY,2026-06-29,32.684523,0.01699511,0.01973671
XCNY,2026-06-30,33.062456,0.01973671,-0.00667709
XCNY,2026-07-06,33.395203,0.01047447,-0.00326621
XCNY,2026-07-09,32.804632,0.014948129999999999,0.014442330000000001
XCNY,2026-07-10,33.02307,0.014442330000000001,-0.00410929
XCNY,2026-07-30,31.186136,0.02337141,-0.00337834
XCNY,2026-08-04,32.510445,0.01967229,-0.00092823
XCNY,2026-08-07,32.862439,0.010576239999999999,-0.00312582
XCNY,2026-09-03,33.684568,0.011590830000000002,0.008721959999999999
XCNY,2026-09-10,34.022407,-0.01050505,0.009098460000000001
XCNY,2026-09-17,33.447141,0.01054975,
XLCI,2025-10-10,24.301864,0.014325490000000001,-6.103e-05
XLSI,2026-05-14,23.626639,0.01537929,-0.0005155499999999999
